spell_id,name,cost,first_effect,num_merchants,sold_by
absorb agility,Absorb Agility,38,AbsorbAttribute,5,TR_m3_Hlanas Arthalen;TR_m3_Hlanas Arthalen2;TR_m4_Mannanu Madalvel;TR_m7_Camillia Chora_A;TR_m7_Hervil Dolomas
absorb agility [ranged],Absorb Agility [Ranged],56,AbsorbAttribute,2,TR_m3_Burahk gra-Omphub;TR_m7_Dro'Jaaban
absorb endurance,Absorb Endurance,38,AbsorbAttribute,3,Sky_qRe_NAR_Yarok;TR_m7_Hervil Dolomas;TR_m7_Renixia Vedius
absorb endurance [ranged],Absorb Endurance [Ranged],56,AbsorbAttribute,2,PC_m1_EnolaColus;TR_m1_Fusath_Relyan
absorb fatigue,Absorb Fatigue,75,AbsorbFatigue,8,TR_m2_Francine_Kington;TR_m3_Fedas Thalothen;TR_m3_Taris_Temeris;TR_m7_Camillia Chora_A;TR_m7_Faldrus Nedalor;TR_m7_Hervil Dolomas;TR_m7_Hilfrid;TR_m7_Renixia Vedius
absorb fatigue [ranged],Absorb Fatigue [Ranged],113,AbsorbFatigue,2,TR_m1_Taldasi_Menguren;TR_m3_Lleryn Drora
absorb health,Absorb Health,11,AbsorbHealth,21,PC_m1_DeliusAppillius;PC_m1_LanaDelria;PC_m1_LetrisCacia;PC_m1_SalvanusLathus;PC_m1_SielleEumand;PC_m1_WearaGaldan;TR_m2_Francine_Kington;TR_m2_Thelasa Reram;TR_m3_Anila Bereleth;TR_m3_Fedas Thalothen;TR_m3_Salaru Andalen;TR_m3_Taris_Temeris;TR_m3_Valacca Prontia;TR_m4_Idesa_Gilvani;TR_m4_Masu Hainnabibi;TR_m7_Camillia Chora_A;TR_m7_Erver Drinith;TR_m7_Hervil Dolomas;TR_m7_Hilfrid;TR_m7_Sarus Eloth;TR_m7_Tureyvendil
absorb health [ranged],Absorb Health [Ranged],8,AbsorbHealth,7,PC_m1_DeliusAppillius;PC_m1_LanaDelria;PC_m1_LetrisCacia;PC_m1_WearaGaldan;TR_m1_Ainssa;TR_m1_Taldasi_Menguren;TR_m3_Adasi Furon
absorb intelligence,Absorb Intelligence,38,AbsorbAttribute,21,PC_m1_EnolaColus;PC_m1_Kuhloga;Sky_qRe_DSMG_Eranthos;Sky_qRe_KWMG_JiTavarad;TR_m1_Aeli_Danym;TR_m1_Fusath_Relyan;TR_m1_Leobert Velain;TR_m1_Lloryn_Llaram;TR_m1_Trendil_Vas;TR_m1_Vendil_Tras;TR_m3_Vilrani Redothan;TR_m4_Ethalvora;TR_m7_Camillia Chora_A;TR_m7_Ernest Cergelle;TR_m7_Ernest Cergelle_T;TR_m7_Furen Hlavel;TR_m7_Gilen Malvayn;TR_m7_Hervil Dolomas;TR_m7_Indrasi Dovayn;TR_m7_Renixia Vedius;TR_m7_Varel Sadryon
absorb luck,Absorb Luck,38,AbsorbAttribute,1,TR_m7_Hervil Dolomas
absorb luck [ranged],Absorb Luck [Ranged],56,AbsorbAttribute,1,TR_m7_Dro'Jaaban
absorb personality,Absorb Personality,38,AbsorbAttribute,9,PC_m1_EnolaColus;PC_m1_Kuhloga;Sky_qRe_DSE1_Cypriana;Sky_qRe_KWMG_JiTavarad;TR_m1_Nevusa_Lakasyn;TR_m3_Rathyne_Ienith;TR_m7_Hervil Dolomas;TR_m7_Varel Sadryon;TR_m7_Vistienna
absorb personality [ranged],Absorb Personality [Ranged],56,AbsorbAttribute,2,PC_m1_EnolaColus;TR_m7_Dro'Jaaban
absorb speed,Absorb Speed,38,AbsorbAttribute,17,PC_m1_NirvalSrethuun;PC_m1_SielleEumand;Sky_iRe_HA_Aynoc;TR_m1_Ainssa;TR_m1_Ferin_Gathi;TR_m1_Nevusa_Lakasyn;TR_m1_Osyn_Redola;TR_m2_Feduran_Tharen;TR_m3_Arel Ginith;TR_m3_Drinar_Saven;TR_m3_Rathyne_Ienith;TR_m4_Domesea Norvalo;TR_m4_Mannanu Madalvel;TR_m7_Drurile Vayas;TR_m7_Furen Hlavel;TR_m7_Hervil Dolomas;TR_m7_Indrasi Dovayn
absorb speed [ranged],Absorb Speed [Ranged],56,AbsorbAttribute,3,PC_m1_SielleEumand;TR_m1_Fusath_Relyan;TR_m7_Dro'Jaaban
absorb strength,Absorb Strength,38,AbsorbAttribute,15,PC_m1_Kuhloga;Sky_qRe_NAR_Yarok;TR_m2_Feduran_Tharen;TR_m3_Arel Ginith;TR_m3_Farvs Valaro;TR_m3_Revea_Telam;TR_m3_Sodeen;TR_m3_Taris_Temeris;TR_m4_Domesea Norvalo;TR_m7_Camillia Chora_A;TR_m7_Drurile Vayas;TR_m7_Furen Hlavel;TR_m7_Hervil Dolomas;TR_m7_Plutus Ceno;TR_m7_Vistienna
absorb strength [ranged],Absorb Strength [Ranged],56,AbsorbAttribute,2,PC_m1_SielleEumand;TR_m3_Barns Dorom
absorb willpower,Absorb Willpower,38,AbsorbAttribute,40,PC_m1_AndrielNienne;PC_m1_EdwynNiniel;Sky_iRe_DSE_Selenya;Sky_iRe_DSW_Bresiele;Sky_iRe_HA_Aynoc;Sky_iRe_KW_Dunwora;Sky_iRe_MER_Runeva;Sky_qRe_DSE1_Cypriana;Sky_qRe_DSMG_Eranthos;Sky_qRe_KWMG_JiTavarad;TR_m1_Aeli_Danym;TR_m1_Culenne Mair;TR_m1_Ferin_Gathi;TR_m1_Leobert Velain;TR_m1_Lloryn_Llaram;TR_m1_Nevusa_Lakasyn;TR_m1_Osyn_Redola;TR_m1_Trendil_Vas;TR_m1_Vendil_Tras;TR_m2_Feduran_Tharen;TR_m3_Arel Ginith;TR_m3_Arivanya;TR_m3_ManielSylbenitte;TR_m3_Rathyne_Ienith;TR_m3_Revea_Telam;TR_m3_Tayna Baren;TR_m4_Domesea Norvalo;TR_m4_Ethalvora;TR_m7_Camillia Chora_A;TR_m7_Drurile Vayas;TR_m7_Ernest Cergelle;TR_m7_Ernest Cergelle_T;TR_m7_Faldrus Nedalor;TR_m7_Furen Hlavel;TR_m7_Gilen Malvayn;TR_m7_Hervil Dolomas;TR_m7_Indrasi Dovayn;TR_m7_Janevynne Arthell;TR_m7_Plutus Ceno;TR_m7_Vistienna
absorb willpower [ranged],Absorb Willpower [Ranged],56,AbsorbAttribute,1,TR_m7_Dro'Jaaban
alad's caliginy,Alad's Caliginy,30,Blind,11,PC_m1_EdwynNiniel;PC_m1_O_Durna;Sky_iRe_DSW_Bresiele;TR_m1_Nevusa_Lakasyn;TR_m3_Anise Andres;TR_m3_Rathyne_Ienith;TR_m4_Mannanu Madalvel;TR_m7_Faldrus Nedalor;TR_m7_Folms Tenim;TR_m7_Haladir;TR_m7_Janevynne Arthell
almalexia's grace,Almalexia's Grace,5,Dispel,9,TR_m3_Anila Bereleth;TR_m3_Aras_Othran;TR_m3_Onusea Reyas;TR_m3_Urvas Varen;TR_m3_Varvur Parys;TR_m3_Vilrani Redothan;TR_m7_Hervil Dolomas;TR_m7_Myrvona Arothan;TR_m7_Valara Filansi
almsivi intervention,Almsivi Intervention,8,AlmsiviIntervention,42,TR_m1_Athenim_Adri;TR_m1_Punibi_Rindo;TR_m2_Berethen Olameth;TR_m2_Ilmeni Benamamat;TR_m2_Vaden_Nerath;TR_m3_Adasi Furon;TR_m3_Ahasou_Saravyn;TR_m3_Andril Selothi;TR_m3_Aras_Othran;TR_m3_Arel Ginith;TR_m3_Arivanya;TR_m3_Drinar_Saven;TR_m3_Endra Ilvuthi;TR_m3_Faras_Omayn;TR_m3_Illene_Edryn;TR_m3_Lloryno Norom;TR_m3_Medrala Sadus;TR_m3_Onusea Reyas;TR_m3_Salaru Andalen;TR_m3_Taris_Temeris;TR_m3_Tayna Baren;TR_m3_Tirasie Nervion;TR_m3_Ulyne_Llothas;TR_m3_Urvas Varen;TR_m3_Varvur Parys;TR_m3_Vilrani Redothan;TR_m3_Vono_Sarando;TR_m4_Drorayni Omayn;TR_m4_Meryn Sarano;TR_m4_Ranso Virian;TR_m7_Drurile Vayas;TR_m7_Ernest Cergelle_T;TR_m7_Erver Drinith;TR_m7_Furen Hlavel;TR_m7_Hervil Dolomas;TR_m7_Myrvona Arothan;TR_m7_Ondru Halethran;TR_m7_Riraynea Omayn;TR_m7_Tilisu Kelarven;TR_m7_Traynili Rovel;TR_m7_Valara Filansi;TR_m7_Varel Sadryon
armor eater,Armor Eater,6,DisintegrateArmor,5,PC_m1_EnolaColus;PC_m1_Eyjar;TR_m4_Vistilia_Sparilus;TR_m7_Dayna Ilerothi;TR_m7_Sarus Eloth
ash feast,Ash Feast,18,DrainHealth,1,TR_m2_Ralten Affinia
balyna's antidote,Balyna's Antidote,5,CurePoison,9,PC_m1_EmbrilvusNyrondus;TR_m1_Nilena_Othril;TR_m1_StandsinSun;TR_m1_Zalam Lonas;TR_m3_Anila Bereleth;TR_m3_Beldren Irano;TR_m3_Endra Ilvuthi;TR_m3_Renesa Serin;TR_m3_Teldori Malreni
balyna's efficacious balm,Balyna's Efficacious Balm,3,RestoreHealth,1,TR_m1_Nilena_Othril
balyna's perfect balm,Balyna's Perfect Balm,4,RestoreHealth,1,TR_m3_Salaru Andalen
balyna's soothing balm,Balyna's Soothing Balm,2,RestoreHealth,8,PC_m1_EmbrilvusNyrondus;TR_m1_Nilena_Othril;TR_m1_StandsinSun;TR_m3_Anise Andres;TR_m3_Drathyn_Galvith;TR_m3_Fedas Thalothen;TR_m3_Ginur Thelvil;TR_m3_Mudera_Berelan
black hand,Black Hand,7,DamageHealth,1,TR_m7_MutuNambabud
blightguard,Blightguard,13,ResistBlightDisease,1,TR_m2_Thelasa Reram
blind,Blind,10,Blind,1,TR_m1_Fusath_Relyan
blood curse: fatigue,Blood Curse: Fatigue,23,DamageFatigue,10,PC_m1_AlsiaJuvanus;PC_m1_MeliaSimerius;TR_m1_Halan_Macrinus;TR_m1_Trendil_Vas;TR_m1_Vendil_Tras;TR_m2_Fedris_Nelavyn;TR_m2_Ralten Affinia;TR_m3_Gilar Verelnim;TR_m3_Mevil Llerano;TR_m7_MutuNambabud
blood despair,Blood Despair,47,DrainAttribute,18,PC_m1_EnolaColus;PC_m1_Kuhloga;PC_m1_SielleEumand;Sky_iRe_DSE_Selenya;Sky_qRe_DSMG_Eranthos;Sky_qRe_KWMG_JiTavarad;Sky_qRe_KWMG_Nistamal;TR_m1_Aeli_Danym;TR_m1_Fusath_Relyan;TR_m1_Gindaman;TR_m1_Punibi_Rindo;TR_m1_Trendil_Vas;TR_m1_Ultern;TR_m1_Vendil_Tras;TR_m4_Ethalvora;TR_m7_Dro'Jaaban;TR_m7_Indrasi Dovayn;TR_m7_Renixia Vedius
blood gift,Blood Gift,38,FortifyHealth,33,PC_m1_AndrielNienne;PC_m1_Kuhloga;PC_m1_SielleEumand;Sky_iRe_DSE_Selenya;Sky_iRe_HA_Aynoc;Sky_iRe_KW_Dunwora;Sky_iRe_MER_Runeva;Sky_qRe_DSE1_Cypriana;Sky_qRe_DSMG_Eranthos;Sky_qRe_KWMG_JiTavarad;TR_m1_Culenne Mair;TR_m1_Leobert Velain;TR_m1_Lloryn_Llaram;TR_m1_Nevusa_Lakasyn;TR_m1_Osyn_Redola;TR_m1_Punibi_Rindo;TR_m2_Ilmeni Benamamat;TR_m2_Mjara;TR_m3_Adasi Furon;TR_m3_Aras_Othran;TR_m3_Arel Ginith;TR_m3_Fedas Thalothen;TR_m3_Illene_Edryn;TR_m3_Ranis Andren;TR_m3_Rathyne_Ienith;TR_m3_Vono_Sarando;TR_m4_Domesea Norvalo;TR_m4_Dulcitius Cullian;TR_m4_Ranso Virian;TR_m7_Geod Cardonese;TR_m7_Gilen Malvayn;TR_m7_Indrasi Dovayn;TR_m7_Vistienna
bound battle-axe,Bound Battle-Axe,6,BoundBattleAxe,5,TR_m1_Vendil_Tras;TR_m2_Mjara;TR_m3_Valkreia Krex;TR_m3_Valvesu Athones;TR_m7_Waterfall
bound boots,Bound Boots,6,BoundBoots,12,TR_m1_Gindaman;TR_m1_Leobert Velain;TR_m2_Fedris_Nelavyn;TR_m2_Ralten Affinia;TR_m3_Elvilde;TR_m3_Lorviel;TR_m3_Naro Marvani;TR_m3_Salmyne Rivaal;TR_m7_Eno Malvayn;TR_m7_Niramindra;TR_m7_Tilisu Kelarven;TR_m7_Valara Filansi
bound cuirass,Bound Cuirass,6,BoundCuirass,15,TR_m1_Aeli_Danym;TR_m1_Gindaman;TR_m2_Cantorius Tramel;TR_m2_Fedris_Nelavyn;TR_m2_Relmeria Drados;TR_m3_Cellitara;TR_m3_Felmo Ilveroth;TR_m3_Galoro Sevlor;TR_m3_Valvesu Athones;TR_m7_Azun;TR_m7_Furen Hlavel;TR_m7_Maria Afrana;TR_m7_Plutus Ceno;TR_m7_Traynili Rovel;TR_m7_Waterfall
bound dagger,Bound Dagger,6,BoundDagger,13,PC_m1_AnotusMolian;TR_m1_Gindaman;TR_m1_Leobert Velain;TR_m1_Nilena_Othril;TR_m2_Fedris_Nelavyn;TR_m2_Ralten Affinia;TR_m3_Elvilde;TR_m3_Lorviel;TR_m3_ManielSylbenitte;TR_m3_Qowenfaare;TR_m3_q_Ernandre_MG;TR_m3_q_Ernandre_Nermin;TR_m7_Niramindra
bound gauntlets,Bound Gauntlets,6,BoundGloves,10,TR_m1_Fusath_Relyan;TR_m1_Leobert Velain;TR_m2_Ralten Affinia;TR_m3_ManielSylbenitte;TR_m3_Mevil Llerano;TR_m3_Valvesu Athones;TR_m7_Eno Malvayn;TR_m7_Niramindra;TR_m7_Plutus Ceno;TR_m7_Siona
bound helm,Bound Helm,6,BoundHelm,9,PC_m1_AnotusMolian;TR_m1_Gindaman;TR_m1_Nilena_Othril;TR_m2_Fedris_Nelavyn;TR_m3_Sodeen;TR_m3_Valkreia Krex;TR_m3_Valvesu Athones;TR_m7_Plutus Ceno;TR_m7_Tilisu Kelarven
bound longbow,Bound Longbow,6,BoundLongbow,8,PC_m1_AnotusMolian;TR_m1_Aeli_Danym;TR_m2_Relmeria Drados;TR_m3_Galoro Sevlor;TR_m3_Garara Hlerothi;TR_m4_Valrik;TR_m7_Eno Malvayn;TR_m7_Niramindra
bound longsword,Bound Longsword,6,BoundLongsword,7,PC_m1_AnotusMolian;TR_m1_Vendil_Tras;TR_m2_Ralten Affinia;TR_m3_Garara Hlerothi;TR_m3_ManielSylbenitte;TR_m7_Azun;TR_m7_Eno Malvayn
bound mace,Bound Mace,6,BoundMace,16,TR_m1_Fusath_Relyan;TR_m1_Leobert Velain;TR_m2_Cantorius Tramel;TR_m2_Ralten Affinia;TR_m3_Celanya;TR_m3_Draryn Berathi;TR_m3_Lorviel;TR_m3_Naro Marvani;TR_m3_Valacca Prontia;TR_m7_Furen Hlavel;TR_m7_Maria Afrana;TR_m7_Niramindra;TR_m7_Siona;TR_m7_Tilisu Kelarven;TR_m7_Traynili Rovel;TR_m7_Valara Filansi
bound shield,Bound Shield,6,BoundShield,10,TR_m1_Halan_Macrinus;TR_m1_Leobert Velain;TR_m1_Nilena_Othril;TR_m2_Ralten Affinia;TR_m2_Relmeria Drados;TR_m3_Lloryno Norom;TR_m3_ManielSylbenitte;TR_m7_Furen Hlavel;TR_m7_Siona;TR_m7_Tilisu Kelarven
bound spear,Bound Spear,6,BoundSpear,9,TR_m1_Halan_Macrinus;TR_m1_Vendil_Tras;TR_m2_Relmeria Drados;TR_m3_Elvilde;TR_m3_Garara Hlerothi;TR_m3_Mevil Llerano;TR_m4_Valrik;TR_m7_Niramindra;TR_m7_Traynili Rovel
brevusa's averted eyes,Brevusa's Averted Eyes,10,Invisibility,8,TR_m1_Tirele_Edri;TR_m3_Anila Bereleth;TR_m3_Anise Andres;TR_m3_Renaso Gals;TR_m4_Vistilia_Sparilus;TR_m7_MutuNambabud;TR_m7_Sarus Eloth;TR_m7_Savi Selendas
buoyancy,Buoyancy,2,SwiftSwim,6,TR_m1_Zalam Lonas;TR_m3_Arivanya;TR_m3_Sodeen;TR_m3_Ulyne_Llothas;TR_m7_Camillia Chora_A;TR_m7_Dirisa Sendu
burden,Burden,15,Burden,5,PC_m1_Lladir;PC_m1_Olosh;TR_m3_Ambrosia Hegetor;TR_m3_Hlanas Arthalen;TR_m3_Hlanas Arthalen2
burden of sin,Burden of Sin,50,Burden,10,PC_m1_SielleEumand;Sky_iRe_DSE_Selenya;Sky_qRe_DSMG_Eranthos;Sky_qRe_KWMG_JiTavarad;Sky_qRe_KWMG_Nistamal;TR_m1_O_Fevyn Verethi;TR_m1_Trendil_Vas;TR_m1_Vendil_Tras;TR_m4_Ranso Virian;TR_m7_Gilen Malvayn
burden touch,Burden Touch,10,Burden,5,PC_m1_DeliusAppillius;PC_m1_LetrisCacia;PC_m1_WearaGaldan;TR_m2_Thelasa Reram;TR_m4_Masu Hainnabibi
calm creature,Calm Creature,23,CalmCreature,19,PC_m1_AnotusMolian;PC_m1_NirvalSrethuun;Sky_iRe_DSW_Bresiele;TR_m1_Tirele_Edri;TR_m2_Francine_Kington;TR_m2_Ralten Affinia;TR_m2_Suron Andromo;TR_m3_Anise Andres;TR_m3_Dravayn Tarethren;TR_m3_Llaynor Seryon;TR_m3_Renaso Gals;TR_m3_Salms_Andala;TR_m4_Idesa_Gilvani;TR_m4_Milus Marvos;TR_m7_Haladir;TR_m7_Kal;TR_m7_Nolidrando;TR_m7_Savi Selendas;TR_m7_Vows-To-The-Soil
calm humanoid,Calm Humanoid,23,CalmHumanoid,24,PC_m1_AnotusMolian;PC_m1_NirvalSrethuun;Sky_iRe_DSW_Bresiele;TR_m1_Tirele_Edri;TR_m2_Francine_Kington;TR_m2_Ralten Affinia;TR_m2_Suron Andromo;TR_m3_Anise Andres;TR_m3_Dravayn Tarethren;TR_m3_Elmera_Saldro;TR_m3_Kh_Rarunsi Tervth;TR_m3_Llaynor Seryon;TR_m3_Renaso Gals;TR_m3_Salms_Andala;TR_m4_Idesa_Gilvani;TR_m4_Milus Marvos;TR_m4_Trehaddi;TR_m7_Dayna Ilerothi;TR_m7_Folms Tenim;TR_m7_Haladir;TR_m7_Kal;TR_m7_Nolidrando;TR_m7_Savi Selendas;TR_m7_Vows-To-The-Soil
calming touch,Calming Touch,15,CalmHumanoid,4,PC_m1_Lladir;PC_m1_Olosh;TR_m1_Punibi_Rindo;TR_m4_Milus Marvos
chameleon,Chameleon,15,Chameleon,6,PC_m1_Lladir;PC_m1_Olosh;TR_m1_Tirele_Edri;TR_m4_Idesa_Gilvani;TR_m4_Milus Marvos;TR_m7_Folms Tenim
charisma,Charisma,30,FortifyAttribute,20,PC_m1_O_Durna;Sky_qRe_DSE1_Cypriana;TR_m1_Nevusa_Lakasyn;TR_m1_Nilena_Othril;TR_m1_Punibi_Rindo;TR_m2_Berethen Olameth;TR_m2_Calaciren;TR_m2_Ilmeni Benamamat;TR_m3_Ahasou_Saravyn;TR_m3_Andril Selothi;TR_m3_Rathyne_Ienith;TR_m3_Varvur Parys;TR_m4_Dulcitius Cullian;TR_m4_Meryn Sarano;TR_m4_Ranso Virian;TR_m4_Trehaddi;TR_m7_Dirisa Sendu;TR_m7_Hilfrid;TR_m7_Valara Filansi;TR_m7_Vistienna
charming touch,Charming Touch,225,Charm,8,PC_m1_SielleEumand;TR_m1_Aeli_Danym;TR_m1_Ainssa;TR_m1_Tirele_Edri;TR_m2_Francine_Kington;TR_m2_Idros Llothri;TR_m7_Nolidrando;TR_m7_Ondru Halethran
clench,Clench,4,DamageAttribute,7,TR_m3_Corvus Valentinus;TR_m3_Gilar Verelnim;TR_m3_Mevil Llerano;TR_m3_Naro Marvani;TR_m3_Sodeen;TR_m7_Sarus Eloth;TR_m7_Tureyvendil
command creature,Command Creature,169,CommandCreature,3,TR_m1_Nilena_Othril;TR_m3_Kh_Rarunsi Tervth;TR_m7_Waterfall
command humanoid,Command Humanoid,169,CommandHumanoid,2,TR_m1_Nilena_Othril;TR_m7_Waterfall
commanding touch,Commanding Touch,38,CommandHumanoid,7,PC_m1_LanaDelria;PC_m1_NirvalSrethuun;Sky_qRe_KWMG_JiTavarad;TR_m1_Aeli_Danym;TR_m1_Leobert Velain;TR_m2_Mjara;TR_m7_Nelmyne Gavos
concealment,Concealment,90,Invisibility,4,TR_m3_Dravayn Tarethren;TR_m3_Mulvise Temaril;TR_m7_Dayna Ilerothi;TR_m7_Nolidrando
crimson despair,Crimson Despair,113,AbsorbAttribute,2,TR_m3_Dalyne Maryon;TR_m3_Revea_Telam
cruel firebloom,Cruel Firebloom,7,FireDamage,2,TR_m3_Gilar Verelnim;TR_m3_Hort Serethren
cruel weary,Cruel Weary,45,Burden,10,PC_m1_Kuhloga;PC_m1_Lladir;Sky_iRe_HA_Aynoc;Sky_qRe_NAR_Yarok;TR_m1_Aeli_Danym;TR_m1_Gindaman;TR_m1_Lloryn_Llaram;TR_m2_Llerusa Manel;TR_m4_Domesea Norvalo;TR_m7_Niramindra
crushing burden,Crushing Burden,45,Burden,9,PC_m1_Olosh;Sky_iRe_HA_Aynoc;Sky_qRe_NAR_Yarok;TR_m1_Leobert Velain;TR_m1_Lloryn_Llaram;TR_m3_Aras_Othran;TR_m3_Cellitara;TR_m4_Domesea Norvalo;TR_m7_Tilisu Kelarven
crushing burden of sin,Crushing Burden of Sin,158,Burden,2,TR_m3_Ranis Andren;TR_m7_Ralsa Ondusi
crushing burden touch,Crushing Burden Touch,30,Burden,25,PC_m1_AlsiaJuvanus;PC_m1_AndrielNienne;PC_m1_CassandraVerach;PC_m1_EdwynNiniel;PC_m1_Eyjar;PC_m1_MeliaSimerius;PC_m1_O_Durna;Sky_iRe_DSW_Bresiele;Sky_iRe_KW_Dunwora;Sky_iRe_MER_Runeva;Sky_qRe_DSE1_Cypriana;TR_m1_Nevusa_Lakasyn;TR_m1_Osyn_Redola;TR_m2_Drithnil Virith;TR_m2_Suron Andromo;TR_m3_Celanya;TR_m3_Llaynor Seryon;TR_m3_Rathyne_Ienith;TR_m3_Salms_Andala;TR_m4_Valrik;TR_m7_Haladir;TR_m7_Myrvona Arothan;TR_m7_Ovrosa Valen;TR_m7_Vistienna;TR_m7_Vows-To-The-Soil
crying eye,Crying Eye,2,Blind,1,TR_m1_Tirele_Edri
Cure Blight_Self,Cure Blight Disease,100,CureBlightDisease,1,TR_m4_Dulcitius Cullian
cure common disease,Cure Common Disease,15,CureCommonDisease,34,PC_m1_Lladir;PC_m1_Olosh;PC_m1_Tirra;TR_FM_Naureen;TR_m1_Nilena_Othril;TR_m1_Olanasa_Wenil;TR_m1_Protio Calvisus;TR_m1_StandsinSun;TR_m2_Calaciren;TR_m2_Tiunia Veltrus;TR_m3_Ambrosia Hegetor;TR_m3_Anise Andres;TR_m3_Arel Ginith;TR_m3_Arivanya;TR_m3_Felmo Ilveroth;TR_m3_Mudera_Berelan;TR_m3_Orelle Faugard;TR_m3_Swirly-Tongue;TR_m3_Taris_Temeris;TR_m3_Tirasie Nervion;TR_m3_Urvas Varen;TR_m4_Dulcitius Cullian;TR_m4_Golvyn_Saryon;TR_m4_Masu Hainnabibi;TR_m7_Baley;TR_m7_Belvin Uvalas;TR_m7_Dirisa Sendu;TR_m7_Erver Drinith;TR_m7_Geod Cardonese;TR_m7_Maria Afrana;TR_m7_Myrvona Arothan;TR_m7_Savi Selendas;TR_m7_Siona;TR_m7_Zhirasha
cure common disease other,Cure Common Disease on Other,15,CureCommonDisease,12,PC_m1_Lladir;PC_m1_Olosh;TR_m1_Athenim_Adri;TR_m2_Ilmeni Benamamat;TR_m3_Arel Ginith;TR_m3_Arivanya;TR_m4_Drorayni Omayn;TR_m4_Golvyn_Saryon;TR_m7_Baley;TR_m7_Erver Drinith;TR_m7_Myrvona Arothan;TR_m7_Zhirasha
cure common disease victim,Cure Common Disease Victim,23,CureCommonDisease,29,PC_m1_AlsiaJuvanus;PC_m1_CassandraVerach;PC_m1_EmbrilvusNyrondus;PC_m1_JarvunCrowSight;PC_m1_MeliaSimerius;Sky_qRe_DSE1_Gurna;Sky_qRe_KW4_Tabica;Sky_qRe_KWMG4_Havild;TR_FM_Naureen;TR_m1_Midean;TR_m2_Calaciren;TR_m2_Domus Terrinus;TR_m2_Suron Andromo;TR_m3_Adasi Furon;TR_m3_Anila Bereleth;TR_m3_Anise Andres;TR_m3_Llaynor Seryon;TR_m3_Lleryn Drora;TR_m3_Salms_Andala;TR_m3_Swirly-Tongue;TR_m3_Teldori Malreni;TR_m4_Dulcitius Cullian;TR_m7_Dirisa Sendu;TR_m7_Geod Cardonese;TR_m7_Maria Afrana;TR_m7_Ovrosa Valen;TR_m7_Savi Selendas;TR_m7_Shairan;TR_m7_Vows-To-The-Soil
cure poison,Cure Poison,5,CurePoison,13,PC_m1_LetrisCacia;PC_m1_SalvanusLathus;TR_m1_Protio Calvisus;TR_m2_Tiunia Veltrus;TR_m3_Anise Andres;TR_m3_Orelle Faugard;TR_m3_Swirly-Tongue;TR_m3_Tirasie Nervion;TR_m7_Baley;TR_m7_Barusi Fareleth;TR_m7_Dirisa Sendu;TR_m7_Erver Drinith;TR_m7_Maria Afrana
cure poison touch,Cure Poison on Touch,5,CurePoison,2,TR_m3_Ahasou_Saravyn;TR_m7_Baley
daedric bite,Daedric Bite,30,DamageHealth,13,PC_m1_Eyjar;TR_m1_Aeli_Danym;TR_m1_Gindaman;TR_m1_Osyn_Redola;TR_m1_Trendil_Vas;TR_m1_Vendil_Tras;TR_m2_Fedris_Nelavyn;TR_m2_Feduran_Tharen;TR_m3_Gilar Verelnim;TR_m3_Gragus Othrenim;TR_m4_Saylenus Ramaril;TR_m4_Saylenus RamarilD;TR_m7_Indrasi Dovayn
daedric health,Daedric Health,75,FortifyHealth,2,TR_m1_Nilena_Othril;TR_m3_Urvas Varen
daedric luck,Daedric Luck,90,FortifyAttribute,1,TR_m7_Barusi Fareleth
daedric speed,Daedric Speed,90,FortifyAttribute,1,TR_m3_Lleryn Drora
daedric strength,Daedric Strength,90,FortifyAttribute,1,TR_m3_Barns Dorom
daedric willpower,Daedric Willpower,90,FortifyAttribute,1,TR_m7_Barusi Fareleth
deadly poison,Deadly Poison,47,Poison,17,PC_m1_Kuhloga;PC_m1_SielleEumand;Sky_qRe_KWMG_JiTavarad;Sky_qRe_KWMG_Nistamal;TR_m1_Aeli_Danym;TR_m1_Halan_Macrinus;TR_m1_Taldasi_Menguren;TR_m1_Trendil_Vas;TR_m1_Vendil_Tras;TR_m3_Arvs_Sarvayn;TR_m3_Dridase_Irano;TR_m3_Qowenfaare;TR_m3_Sodeen;TR_m3_Valkreia Krex;TR_m7_Camillia Chora_A;TR_m7_Indrasi Dovayn;TR_m7_Nelmyne Gavos
deadly poison [ranged],Deadly Poison [Ranged],71,Poison,1,TR_m3_Salmyne Rivaal
demoralize beast,Demoralize Beast,4,DemoralizeCreature,1,TR_m4_Vistilia_Sparilus
demoralize creature,Demoralize Creature,4,DemoralizeCreature,1,TR_m7_Kal
demoralize humanoid,Demoralize Humanoid,4,DemoralizeHumanoid,7,TR_m2_Francine_Kington;TR_m3_Burahk gra-Omphub;TR_m4_Vistilia_Sparilus;TR_m7_Dayna Ilerothi;TR_m7_Faldrus Nedalor;TR_m7_Folms Tenim;TR_m7_Kal
demoralizing touch,Demoralizing Touch,3,DemoralizeHumanoid,2,TR_m1_Punibi_Rindo;TR_m4_Metendiel
detect enchantment,Detect Enchantment,5,DetectEnchantment,25,TR_m1_Ferin_Gathi;TR_m1_Ladia Tunifus;TR_m2_Cantorius Tramel;TR_m2_Francine_Kington;TR_m3_Drinar_Saven;TR_m3_Elvilde;TR_m3_Lloryno Norom;TR_m3_Medrala Sadus;TR_m3_Orevis Hlan;TR_m3_Urvas Varen;TR_m3_Valacca Prontia;TR_m4_Domesea Norvalo;TR_m4_Masu Hainnabibi;TR_m4_Meryn Sarano;TR_m7_Barusi Fareleth;TR_m7_Dirisa Sendu;TR_m7_Ernest Cergelle;TR_m7_Ernest Cergelle_T;TR_m7_Folms Tenim;TR_m7_Gilen Malvayn;TR_m7_Lissinia Bax;TR_m7_Riraynea Omayn;TR_m7_Sarus Eloth;TR_m7_Siona;TR_m7_Traynili Rovel
detect_creature,Detect Creature,19,DetectAnimal,52,PC_m1_AnotusMolian;PC_m1_JarvunCrowSight;PC_m1_Lladir;PC_m1_NirvalSrethuun;PC_m1_Olosh;PC_m1_SalvanusLathus;PC_m1_Tirra;Sky_iRe_DSW_Bresiele;Sky_qRe_DSE1_Gurna;Sky_qRe_KW4_Tabica;TR_m1_Ferin_Gathi;TR_m1_Leobert Velain;TR_m1_Olanasa_Wenil;TR_m1_Unram_Budabal;TR_m2_Calaciren;TR_m2_Domus Terrinus;TR_m2_Feduran_Tharen;TR_m2_Francine_Kington;TR_m2_Ralten Affinia;TR_m2_Thelasa Reram;TR_m2_Tiunia Veltrus;TR_m3_Ambrosia Hegetor;TR_m3_Aras_Othran;TR_m3_Beldren Irano;TR_m3_Drinar_Saven;TR_m3_Elvilde;TR_m3_Hlanas Arthalen;TR_m3_Hlanas Arthalen2;TR_m3_Lloryno Norom;TR_m3_Mudera_Berelan;TR_m3_Salaru Andalen;TR_m3_Tirasie Nervion;TR_m3_Valacca Prontia;TR_m3_Vono_Sarando;TR_m3_q_Ernandre_MG;TR_m3_q_Ernandre_Nermin;TR_m4_Drorayni Omayn;TR_m4_Golvyn_Saryon;TR_m4_Idesa_Gilvani;TR_m4_Meryn Sarano;TR_m4_Milus Marvos;TR_m4_Trehaddi;TR_m7_Dirisa Sendu;TR_m7_Drurile Vayas;TR_m7_Erver Drinith;TR_m7_Faldrus Nedalor;TR_m7_Gilen Malvayn;TR_m7_Haladir;TR_m7_Lissinia Bax;TR_m7_Riraynea Omayn;TR_m7_Sarus Eloth;TR_m7_Traynili Rovel
detect_key,Detect Key,13,DetectKey,23,PC_m1_DeliusAppillius;PC_m1_LanaDelria;PC_m1_LetrisCacia;PC_m1_Lladir;PC_m1_SalvanusLathus;TR_m1_Unram_Budabal;TR_m2_Feduran_Tharen;TR_m2_Thelasa Reram;TR_m3_Ambrosia Hegetor;TR_m3_Medrala Sadus;TR_m3_Mulvise Temaril;TR_m3_Salaru Andalen;TR_m3_Salmyne Rivaal;TR_m4_Domesea Norvalo;TR_m4_Masu Hainnabibi;TR_m4_Vistilia_Sparilus;TR_m7_Barusi Fareleth;TR_m7_Dirisa Sendu;TR_m7_Faldrus Nedalor;TR_m7_Folms Tenim;TR_m7_Gilen Malvayn;TR_m7_Lissinia Bax;TR_m7_Sarus Eloth
dire noise,Dire Noise,35,Sound,19,PC_m1_EdwynNiniel;PC_m1_NirvalSrethuun;PC_m1_O_Durna;Sky_iRe_DSW_Bresiele;Sky_qRe_KWMG_JiTavarad;TR_m1_Lloryn_Llaram;TR_m1_Nevusa_Lakasyn;TR_m3_Arvs_Sarvayn;TR_m3_Burahk gra-Omphub;TR_m3_Dolor Draven;TR_m3_Valacca Prontia;TR_m4_Mannanu Madalvel;TR_m7_Camillia Chora_A;TR_m7_Dayna Ilerothi;TR_m7_Ernest Cergelle;TR_m7_Ernest Cergelle_T;TR_m7_Haladir;TR_m7_Janevynne Arthell;TR_m7_Nolidrando
dire shockball,Dire Shockball,24,ShockDamage,10,TR_m1_Aeli_Danym;TR_m1_Halan_Macrinus;TR_m1_Trendil_Vas;TR_m1_Vendil_Tras;TR_m2_Fedris_Nelavyn;TR_m2_Ralten Affinia;TR_m3_Dridase_Irano;TR_m3_Qowenfaare;TR_m4_Saylenus Ramaril;TR_m4_Saylenus RamarilD
dire weakness to fire,Dire Weakness to Fire,47,WeaknessToFire,22,PC_m1_EnolaColus;PC_m1_Kuhloga;PC_m1_SielleEumand;Sky_iRe_DSE_Selenya;Sky_qRe_DSMG_Eranthos;Sky_qRe_KWMG_JiTavarad;Sky_qRe_KWMG_Nistamal;TR_FM_Simone Megale;TR_m1_Gindaman;TR_m1_Ladia Tunifus;TR_m1_Trendil_Vas;TR_m1_Vendil_Tras;TR_m1_Vonak_Limonith;TR_m2_Llerusa Manel;TR_m3_Gilar Verelnim;TR_m3_Hort Serethren;TR_m3_Lleryn Drora;TR_m3_Valkreia Krex;TR_m7_Dyros;TR_m7_Indrasi Dovayn;TR_m7_Nelmyne Gavos;TR_m7_Ralsa Ondusi
dire weakness to frost,Dire Weakness to Frost,47,WeaknessToFrost,17,PC_m1_EnolaColus;PC_m1_Kuhloga;PC_m1_SielleEumand;Sky_iRe_DSE_Selenya;Sky_qRe_DSMG_Eranthos;Sky_qRe_KWMG_JiTavarad;Sky_qRe_KWMG_Nistamal;TR_m1_Gindaman;TR_m1_Ladia Tunifus;TR_m1_Trendil_Vas;TR_m1_Vendil_Tras;TR_m1_Vonak_Limonith;TR_m3_Mevil Llerano;TR_m3_Valkreia Krex;TR_m7_Dyros;TR_m7_Indrasi Dovayn;TR_m7_Nelmyne Gavos
dire weakness to magicka,Dire Weakness to Magicka,47,WeaknessToMagicka,17,PC_m1_EnolaColus;PC_m1_Kuhloga;PC_m1_SielleEumand;Sky_iRe_DSE_Selenya;Sky_qRe_DSMG_Eranthos;Sky_qRe_KWMG_JiTavarad;Sky_qRe_KWMG_Nistamal;TR_m1_Gindaman;TR_m1_Trendil_Vas;TR_m1_Vendil_Tras;TR_m2_Llerusa Manel;TR_m3_Valkreia Krex;TR_m3_Valvesu Athones;TR_m7_Dyros;TR_m7_Indrasi Dovayn;TR_m7_Nelmyne Gavos;TR_m7_Tureyvendil
dire weakness to poison,Dire Weakness to Poison,47,WeaknessToPoison,14,PC_m1_Kuhloga;Sky_iRe_DSE_Selenya;Sky_qRe_DSMG_Eranthos;Sky_qRe_KWMG_JiTavarad;Sky_qRe_KWMG_Nistamal;TR_m1_Gindaman;TR_m1_Ladia Tunifus;TR_m1_Trendil_Vas;TR_m1_Vendil_Tras;TR_m3_Arvs_Sarvayn;TR_m3_Valkreia Krex;TR_m7_Dyros;TR_m7_Indrasi Dovayn;TR_m7_Nelmyne Gavos
dire weakness to shock,Dire Weakness to Shock,47,WeaknessToShock,15,PC_m1_Kuhloga;PC_m1_SielleEumand;Sky_qRe_KWMG_JiTavarad;Sky_qRe_KWMG_Nistamal;TR_m1_Gindaman;TR_m1_Ladia Tunifus;TR_m1_Trendil_Vas;TR_m1_Vendil_Tras;TR_m1_Vonak_Limonith;TR_m2_Llerusa Manel;TR_m3_Mirveles Omaleran;TR_m3_Valkreia Krex;TR_m7_Dyros;TR_m7_Indrasi Dovayn;TR_m7_Nelmyne Gavos
dire weary,Dire Weary,56,Burden,7,PC_m1_EnolaColus;PC_m1_SielleEumand;Sky_iRe_DSE_Selenya;Sky_qRe_DSMG_Eranthos;TR_m1_Fusath_Relyan;TR_m4_Ethalvora;TR_m7_Dro'Jaaban
disintegrate armor,Disintegrate Armor,7,DisintegrateArmor,5,TR_m1_Halan_Macrinus;TR_m3_Mirveles Omaleran;TR_m3_Salmyne Rivaal;TR_m3_Tayna Baren;TR_m4_Domesea Norvalo
disintegrate weapon,Disintegrate Weapon,7,DisintegrateWeapon,6,TR_m1_Halan_Macrinus;TR_m3_Mirveles Omaleran;TR_m3_Qowenfaare;TR_m3_Salmyne Rivaal;TR_m3_Tayna Baren;TR_m4_Domesea Norvalo
dispel,Dispel,25,Dispel,73,PC_m1_AlsiaJuvanus;PC_m1_AndrielNienne;PC_m1_AnotusMolian;PC_m1_CassandraVerach;PC_m1_EmbrilvusNyrondus;PC_m1_Eyjar;PC_m1_JarvunCrowSight;PC_m1_MeliaSimerius;PC_m1_NirvalSrethuun;PC_m1_O_Durna;PC_m1_Olosh;PC_m1_SielleEumand;Sky_iRe_DSW_Bresiele;Sky_iRe_KW_Dunwora;Sky_iRe_MER_Runeva;Sky_qRe_DSE1_Cypriana;Sky_qRe_KWMG4_Havild;TR_m1_Aeli_Danym;TR_m1_Ainssa;TR_m1_Culenne Mair;TR_m1_Midean;TR_m1_Nevusa_Lakasyn;TR_m1_Olanasa_Wenil;TR_m1_Trendil_Vas;TR_m1_Vendil_Tras;TR_m1_Zalam Lonas;TR_m2_Calaciren;TR_m2_Cantorius Tramel;TR_m2_Domus Terrinus;TR_m2_Drithnil Virith;TR_m2_Francine_Kington;TR_m2_Mjara;TR_m2_Suron Andromo;TR_m3_Adasi Furon;TR_m3_Arel Ginith;TR_m3_Arivanya;TR_m3_Drathyn_Galvith;TR_m3_Elvilde;TR_m3_Kh_Rarunsi Tervth;TR_m3_Llaynor Seryon;TR_m3_ManielSylbenitte;TR_m3_Orelle Faugard;TR_m3_Rathyne_Ienith;TR_m3_Salms_Andala;TR_m3_Tayna Baren;TR_m3_Teldori Malreni;TR_m3_Valacca Prontia;TR_m3_Valkreia Krex;TR_m3_q_Ernandre_MG;TR_m3_q_Ernandre_Nermin;TR_m4_Drorayni Omayn;TR_m4_Dulcitius Cullian;TR_m4_Golvyn_Saryon;TR_m4_Idesa_Gilvani;TR_m4_Meryn Sarano;TR_m4_Milus Marvos;TR_m4_Saylenus RamarilD;TR_m4_Trehaddi;TR_m4_Valrik;TR_m7_Baley;TR_m7_Belvin Uvalas;TR_m7_Camillia Chora_A;TR_m7_Dirisa Sendu;TR_m7_Folms Tenim;TR_m7_Haladir;TR_m7_Hilfrid;TR_m7_Janevynne Arthell;TR_m7_Nelmyne Gavos;TR_m7_Ovrosa Valen;TR_m7_Tureyvendil;TR_m7_Vows-To-The-Soil;TR_m7_Waterfall;TR_m7_Zhirasha
distracting touch,Distracting Touch,38,DrainAttribute,4,PC_m1_LanaDelria;TR_m1_Lloryn_Llaram;TR_m3_Cellitara;TR_m7_Tureyvendil
distraction,Distraction,28,DrainAttribute,1,TR_m3_Lleryn Drora
divine aid,Divine Aid,60,FortifyAttribute,9,TR_m3_Andril Selothi;TR_m3_Arivanya;TR_m3_Felmo Ilveroth;TR_m3_Medrala Sadus;TR_m3_Varvur Parys;TR_m4_Valrik;TR_m7_Geod Cardonese;TR_m7_Hilfrid;TR_m7_Zhirasha
divine intervention,Divine Intervention,8,DivineIntervention,24,PC_m1_DeliusAppillius;PC_m1_EmbrilvusNyrondus;PC_m1_LanaDelria;PC_m1_LetrisCacia;PC_m1_MeliaSimerius;PC_m1_SalvanusLathus;PC_m1_WearaGaldan;Sky_qRe_DSE1_Cypriana;Sky_qRe_KW4_Tabica;TR_m1_Culenne Mair;TR_m1_Leobert Velain;TR_m1_Protio Calvisus;TR_m2_Domus Terrinus;TR_m2_Tiunia Veltrus;TR_m3_Orelle Faugard;TR_m3_Valacca Prontia;TR_m4_Domesea Norvalo;TR_m4_Valrik;TR_m7_Aphorva Cnistula;TR_m7_Baley;TR_m7_Geod Cardonese;TR_m7_Hilfrid;TR_m7_Plutus Ceno;TR_m7_Zhirasha
doze,Doze,2,DamageFatigue,3,TR_m3_Dalyne Maryon;TR_m7_Eno Malvayn;TR_m7_Kal
drain alchemy,Drain Alchemy,56,DrainSkill,1,PC_m1_SielleEumand
drain alteration,Drain Alteration,56,DrainSkill,3,TR_m1_Fusath_Relyan;TR_m4_Ethalvora;TR_m7_Dro'Jaaban
drain blood,Drain Blood,60,DrainHealth,12,PC_m1_EnolaColus;PC_m1_SielleEumand;Sky_iRe_DSE_Selenya;Sky_qRe_DSMG_Eranthos;TR_m1_Fusath_Relyan;TR_m1_Halan_Macrinus;TR_m1_Punibi_Rindo;TR_m1_Usmalli_Nefros;TR_m2_Idros Llothri;TR_m4_Ethalvora;TR_m7_Dro'Jaaban;TR_m7_Eno Malvayn
drain conjuration,Drain Conjuration,56,DrainSkill,2,TR_m1_Fusath_Relyan;TR_m4_Ethalvora
drain destruction,Drain Destruction,56,DrainSkill,5,Sky_iRe_DSE_Selenya;Sky_qRe_DSMG_Eranthos;TR_m1_Fusath_Relyan;TR_m4_Ethalvora;TR_m7_Dro'Jaaban
drain enchant,Drain Enchant,56,DrainSkill,2,TR_m1_Fusath_Relyan;TR_m4_Ethalvora
drain illusion,Drain Illusion,56,DrainSkill,1,TR_m7_Dro'Jaaban
drain long blade,Drain Long Blade,56,DrainSkill,1,TR_m7_Azun
drain mysticism,Drain Mysticism,56,DrainSkill,2,TR_m1_Fusath_Relyan;TR_m7_Dro'Jaaban
drain restoration,Drain Restoration,56,DrainSkill,1,TR_m7_Dro'Jaaban
drain spear,Drain Spear,56,DrainSkill,1,TR_m1_Vendil_Tras
dread curse: strength,Dread Curse: Strength,3,DamageAttribute,1,TR_m1_Halan_Macrinus
earwig,Earwig,6,Sound,3,TR_m1_Gindaman;TR_m1_Tirele_Edri;TR_m4_Vistilia_Sparilus
emasculate,Emasculate,4,DamageAttribute,4,TR_m3_Gilar Verelnim;TR_m3_Lorviel;TR_m7_Eno Malvayn;TR_m7_Sarus Eloth
energy leech,Energy Leech,75,AbsorbFatigue,4,TR_m2_Cantorius Tramel;TR_m3_Gragus Othrenim;TR_m7_Lissinia Bax;TR_m7_Zhirasha
enervate,Enervate,28,DrainAttribute,2,PC_m1_Eyjar;TR_m3_Drinar_Saven
enrichment,Enrichment,9,FortifyFatigue,15,PC_m1_DeliusAppillius;PC_m1_LetrisCacia;PC_m1_SalvanusLathus;PC_m1_WearaGaldan;TR_m1_Midean;TR_m1_StandsinSun;TR_m2_Thelasa Reram;TR_m3_Ahasou_Saravyn;TR_m3_Hlanas Arthalen;TR_m3_Hlanas Arthalen2;TR_m3_Teldori Malreni;TR_m4_Dulcitius Cullian;TR_m7_Belvin Uvalas;TR_m7_Dovor Androth;TR_m7_Ovrosa Valen
erelvam's wild sty,Erelvam's Wild Sty,10,Blind,5,TR_m2_Idros Llothri;TR_m3_Burahk gra-Omphub;TR_m4_Metendiel;TR_m7_Kal;TR_m7_Ondru Halethran
evil eye,Evil Eye,2,DamageAttribute,2,TR_m3_Dridase_Irano;TR_m7_MutuNambabud
exhausting touch,Exhausting Touch,75,DrainFatigue,1,PC_m1_SielleEumand
far silence,Far Silence,30,Silence,19,PC_m1_EdwynNiniel;PC_m1_O_Durna;Sky_iRe_DSW_Bresiele;Sky_iRe_HA_Aynoc;TR_m1_Nevusa_Lakasyn;TR_m1_Tirele_Edri;TR_m2_Idros Llothri;TR_m3_Arvs_Sarvayn;TR_m3_ManielSylbenitte;TR_m3_Rathyne_Ienith;TR_m4_Mannanu Madalvel;TR_m7_Camillia Chora_A;TR_m7_Faldrus Nedalor;TR_m7_Folms Tenim;TR_m7_Haladir;TR_m7_Janevynne Arthell;TR_m7_Nolidrando;TR_m7_Ondru Halethran;TR_m7_Sarus Eloth
father's hand,Father's Hand,5,Sanctuary,1,TR_m3_Aras_Othran
feather,Feather,10,Feather,11,PC_m1_DeliusAppillius;PC_m1_LetrisCacia;PC_m1_WearaGaldan;TR_FM_Simone Megale;TR_m1_Protio Calvisus;TR_m2_Thelasa Reram;TR_m3_Hlanas Arthalen;TR_m3_Hlanas Arthalen2;TR_m3_Sodeen;TR_m4_Metendiel;TR_m7_Niramindra
feet of notorgo,Feet of Notorgo,45,FortifyAttribute,10,PC_m1_SielleEumand;Sky_iRe_HA_Aynoc;TR_m1_Athenim_Adri;TR_m1_Nilena_Othril;TR_m3_Aras_Othran;TR_m3_Salaru Andalen;TR_m4_Domesea Norvalo;TR_m7_Dro'Jaaban;TR_m7_Indrasi Dovayn;TR_m7_Savi Selendas
fenrick's doorjam,Fenrick's Doorjam,1,Lock,7,TR_m2_Idros Llothri;TR_m3_Arvs_Reladren;TR_m3_Elvilde;TR_m3_Lleryn Drora;TR_m3_Mudera_Berelan;TR_m7_Camillia Chora_A;TR_m7_Folms Tenim
fierce fire shield,Fierce Fire Shield,12,FireShield,6,PC_m1_DeliusAppillius;PC_m1_LetrisCacia;TR_m2_Relmeria Drados;TR_m2_Thelasa Reram;TR_m3_Orevis Hlan;TR_m4_Masu Hainnabibi
fierce frost shield,Fierce Frost Shield,12,FrostShield,5,PC_m1_DeliusAppillius;PC_m1_LetrisCacia;TR_m2_Relmeria Drados;TR_m2_Thelasa Reram;TR_m4_Masu Hainnabibi
fierce shock shield,Fierce Shock Shield,12,LightningShield,5,PC_m1_DeliusAppillius;PC_m1_LetrisCacia;TR_m2_Relmeria Drados;TR_m2_Thelasa Reram;TR_m4_Masu Hainnabibi
fifth barrier,Fifth Barrier,150,Shield,2,TR_m7_Plutus Ceno;TR_m7_Ralsa Ondusi
fire barrier,Fire Barrier,8,FireShield,3,TR_FM_Simone Megale;TR_m2_Ralten Affinia;TR_m3_Ulyne_Llothas
fire bite,Fire Bite,6,FireDamage,8,TR_m3_Cellitara;TR_m3_Drinar_Saven;TR_m3_Lleryn Drora;TR_m3_Naro Marvani;TR_m4_Valrik;TR_m7_Eno Malvayn;TR_m7_Nelmyne Gavos;TR_m7_Sarus Eloth
fire shield,Fire Shield,45,FireShield,26,PC_m1_Kuhloga;Sky_iRe_HA_Aynoc;Sky_qRe_KWMG_Nistamal;TR_m1_Athenim_Adri;TR_m1_Leobert Velain;TR_m1_Lloryn_Llaram;TR_m1_Olanasa_Wenil;TR_m1_Vendil_Tras;TR_m2_Fedris_Nelavyn;TR_m3_Aras_Othran;TR_m3_Cellitara;TR_m3_Hort Serethren;TR_m3_ManielSylbenitte;TR_m3_Qowenfaare;TR_m3_Renesa Serin;TR_m3_Riluva Sovoras;TR_m3_Sodeen;TR_m3_Taris_Temeris;TR_m3_Ulyne_Llothas;TR_m4_Domesea Norvalo;TR_m7_Camillia Chora_A;TR_m7_Dyros;TR_m7_Lysima Venitus;TR_m7_Maria Afrana;TR_m7_Niramindra;TR_m7_Vistienna
fire storm,Fire Storm,23,FireDamage,14,PC_m1_AlsiaJuvanus;PC_m1_MeliaSimerius;PC_m1_SielleEumand;TR_m1_Gindaman;TR_m1_Halan_Macrinus;TR_m2_Fedris_Nelavyn;TR_m2_Ralten Affinia;TR_m3_Dolor Draven;TR_m3_Qowenfaare;TR_m3_Renesa Serin;TR_m7_Barusi Fareleth;TR_m7_Dyros;TR_m7_Nelmyne Gavos;TR_m7_Ralsa Ondusi
fireball,Fireball,5,FireDamage,10,TR_m1_Ladia Tunifus;TR_m1_Taldasi_Menguren;TR_m3_Cellitara;TR_m3_Drinar_Saven;TR_m3_Ginur Thelvil;TR_m3_Naro Marvani;TR_m3_Qowenfaare;TR_m3_Sodeen;TR_m7_Eno Malvayn;TR_m7_Kal
Fireball_large,Greater Fireball,10,FireDamage,8,TR_m1_Gindaman;TR_m1_O_Fevyn Verethi;TR_m1_Taldasi_Menguren;TR_m2_Relmeria Drados;TR_m7_Aphorva Cnistula;TR_m7_Gilen Malvayn;TR_m7_Sarus Eloth;TR_m7_Tilisu Kelarven
firebloom,Firebloom,26,FireDamage,16,PC_m1_Eyjar;PC_m1_Olosh;TR_FM_Simone Megale;TR_m1_Halan_Macrinus;TR_m1_Ladia Tunifus;TR_m1_Vonak_Limonith;TR_m2_Llerusa Manel;TR_m3_Cellitara;TR_m3_Farvs Valaro;TR_m3_Orevis Hlan;TR_m3_Valvesu Athones;TR_m4_Saylenus Ramaril;TR_m4_Saylenus RamarilD;TR_m7_Nelmyne Gavos;TR_m7_Ralsa Ondusi;TR_m7_Tilisu Kelarven
firefist,Firefist,11,DamageHealth,7,TR_m1_Vonak_Limonith;TR_m3_Hort Serethren;TR_m3_Mevil Llerano;TR_m3_Valvesu Athones;TR_m7_Faldrus Nedalor;TR_m7_Ralsa Ondusi;TR_m7_Tilisu Kelarven
first barrier,First Barrier,30,Shield,29,PC_m1_AlsiaJuvanus;PC_m1_AndrielNienne;PC_m1_Eyjar;PC_m1_MeliaSimerius;Sky_qRe_DSE1_Cypriana;TR_m1_Culenne Mair;TR_m1_Osyn_Redola;TR_m2_Drithnil Virith;TR_m2_Vaden_Nerath;TR_m3_Arel Ginith;TR_m3_Corvus Valentinus;TR_m3_Elmera_Saldro;TR_m3_Farvs Valaro;TR_m3_Medrala Sadus;TR_m3_Orelle Faugard;TR_m3_Tirasie Nervion;TR_m3_Ulyne_Llothas;TR_m3_Valacca Prontia;TR_m4_Dulcitius Cullian;TR_m4_Valrik;TR_m7_Baley;TR_m7_Camillia Chora_A;TR_m7_Drurile Vayas;TR_m7_Gilen Malvayn;TR_m7_MutuNambabud;TR_m7_Myrvona Arothan;TR_m7_Niramindra;TR_m7_Ovrosa Valen;TR_m7_Vistienna
five fingers of pain,Five Fingers of Pain,5,DamageHealth,1,TR_m3_Burahk gra-Omphub
flame,Flame,2,FireDamage,2,TR_m3_Farvs Valaro;TR_m3_Lorviel
flamebolt,Flamebolt,24,FireDamage,16,PC_m1_Eyjar;TR_m1_Taldasi_Menguren;TR_m1_Vonak_Limonith;TR_m2_Fedris_Nelavyn;TR_m2_Llerusa Manel;TR_m3_Dolor Draven;TR_m3_Renesa Serin;TR_m4_Saylenus Ramaril;TR_m4_Saylenus RamarilD;TR_m7_Dovor Androth;TR_m7_Dyros;TR_m7_Faldrus Nedalor;TR_m7_Gilen Malvayn;TR_m7_Nelmyne Gavos;TR_m7_Ralsa Ondusi;TR_m7_Sigillah Parate
flameguard,Flameguard,90,ResistFire,2,TR_m2_Tiunia Veltrus;TR_m3_Andril Selothi
fleabite,Fleabite,1,DamageFatigue,1,TR_m3_Elvilde
fortify restoration skill,Fortify Restoration Skill,30,FortifySkill,1,PC_m1_Kuhloga
fortitude,Fortitude,30,FortifyAttribute,10,TR_m1_Nilena_Othril;TR_m1_Protio Calvisus;TR_m2_Berethen Olameth;TR_m2_Ilmeni Benamamat;TR_m3_Andril Selothi;TR_m3_Teldori Malreni;TR_m3_Vono_Sarando;TR_m4_Ranso Virian;TR_m7_Erver Drinith;TR_m7_Geod Cardonese
fourth barrier,Fourth Barrier,120,Shield,7,TR_m1_Ladia Tunifus;TR_m4_Idesa_Gilvani;TR_m7_Dyros;TR_m7_Maria Afrana;TR_m7_Ralsa Ondusi;TR_m7_Varel Sadryon;TR_m7_Zhirasha
free action,Free Action,5,CureParalyzation,2,TR_m3_Barns Dorom;TR_m3_Mudera_Berelan
freezing touch,Freezing Touch,6,FrostDamage,1,TR_m3_Mevil Llerano
frenzy creature,Frenzy Creature,4,FrenzyCreature,4,TR_m3_Dravayn Tarethren;TR_m3_Mulvise Temaril;TR_m7_Kal;TR_m7_Nolidrando
frenzy humanoid,Frenzy Humanoid,4,FrenzyHumanoid,8,TR_m2_Francine_Kington;TR_m3_Arvs_Sarvayn;TR_m3_Burahk gra-Omphub;TR_m3_Dravayn Tarethren;TR_m7_Dayna Ilerothi;TR_m7_Faldrus Nedalor;TR_m7_Kal;TR_m7_Nolidrando
frenzying touch,Frenzying Touch,3,FrenzyHumanoid,4,TR_m1_Ainssa;TR_m1_Tirele_Edri;TR_m2_Idros Llothri;TR_m7_Haladir
frost barrier,Frost Barrier,5,FrostShield,2,TR_m2_Ralten Affinia;TR_m3_Ulyne_Llothas
frost bolt,Frost Bolt,24,FrostDamage,14,PC_m1_Eyjar;TR_m1_Halan_Macrinus;TR_m1_Ultern;TR_m2_Fedris_Nelavyn;TR_m3_Corvus Valentinus;TR_m3_Lleryn Drora;TR_m3_Mevil Llerano;TR_m3_Qowenfaare;TR_m3_Valkreia Krex;TR_m4_Saylenus Ramaril;TR_m4_Saylenus RamarilD;TR_m7_Dovor Androth;TR_m7_Dyros;TR_m7_Nelmyne Gavos
frost shield,Frost Shield,45,FrostShield,19,PC_m1_Kuhloga;Sky_iRe_HA_Aynoc;TR_m1_Athenim_Adri;TR_m1_Fusath_Relyan;TR_m1_Leobert Velain;TR_m1_Lloryn_Llaram;TR_m1_Olanasa_Wenil;TR_m1_Vonak_Limonith;TR_m2_Fedris_Nelavyn;TR_m3_Aras_Othran;TR_m3_Beldren Irano;TR_m3_Renesa Serin;TR_m3_Ulyne_Llothas;TR_m4_Domesea Norvalo;TR_m7_Camillia Chora_A;TR_m7_Dyros;TR_m7_Lysima Venitus;TR_m7_Maria Afrana;TR_m7_Vistienna
frost storm,Frost Storm,23,FrostDamage,11,PC_m1_AlsiaJuvanus;PC_m1_Lladir;PC_m1_MeliaSimerius;PC_m1_Olosh;Sky_qRe_DSE1_Cypriana;TR_m1_Gindaman;TR_m2_Fedris_Nelavyn;TR_m2_Ralten Affinia;TR_m3_Valkreia Krex;TR_m7_Barusi Fareleth;TR_m7_Dyros
frost_shield,Frost Shield,27,FrostShield,9,PC_m1_AlsiaJuvanus;PC_m1_AnotusMolian;PC_m1_MeliaSimerius;TR_m2_Domus Terrinus;TR_m2_Fedris_Nelavyn;TR_m3_Anise Andres;TR_m3_Riluva Sovoras;TR_m4_Milus Marvos;TR_m4_Valrik
frostball,Frostball,5,FrostDamage,5,TR_m1_Ladia Tunifus;TR_m1_Vonak_Limonith;TR_m3_Elvilde;TR_m7_Eno Malvayn;TR_m7_Kal
Frostball_large,Greater Frostball,10,FrostDamage,5,TR_m1_Gindaman;TR_m2_Relmeria Drados;TR_m3_Sodeen;TR_m7_Aphorva Cnistula;TR_m7_Sarus Eloth
frostbite,Frostbite,6,FrostDamage,6,TR_m1_Ladia Tunifus;TR_m3_Elvilde;TR_m3_Ginur Thelvil;TR_m3_Qowenfaare;TR_m7_Eno Malvayn;TR_m7_Sarus Eloth
frostbloom,Frostbloom,26,FrostDamage,12,PC_m1_Eyjar;TR_m1_Halan_Macrinus;TR_m1_Ladia Tunifus;TR_m1_Taldasi_Menguren;TR_m1_Usmalli_Nefros;TR_m1_Vonak_Limonith;TR_m2_Fedris_Nelavyn;TR_m3_Corvus Valentinus;TR_m3_Lloryno Norom;TR_m3_Orevis Hlan;TR_m4_Saylenus Ramaril;TR_m4_Saylenus RamarilD
frostfist,Frostfist,11,DamageHealth,5,PC_m1_CassandraVerach;TR_m1_Taldasi_Menguren;TR_m3_Lorviel;TR_m7_Ernest Cergelle;TR_m7_Ernest Cergelle_T
frostguard,Frostguard,90,ResistFrost,1,TR_m3_Andril Selothi
fuddle,Fuddle,4,DamageAttribute,3,TR_m3_Cellitara;TR_m3_Lorviel;TR_m7_Eno Malvayn
gash spirit,Gash Spirit,75,DrainMagicka,1,TR_m2_Idros Llothri
gash spirit [ranged],Gash Spirit [Ranged],113,DrainMagicka,1,TR_m1_Taldasi_Menguren
Ghost Curse,Ghost Curse,40,DrainAttribute,3,PC_m1_EnolaColus;TR_m1_Fusath_Relyan;TR_m1_Usmalli_Nefros
god's fire,God's Fire,135,FireDamage,3,TR_FM_Simone Megale;TR_m3_Orevis Hlan;TR_m7_Ralsa Ondusi
god's frost,God's Frost,135,FrostDamage,1,TR_m1_Ultern
god's spark,God's Spark,147,ShockDamage,1,TR_m7_Sigillah Parate
golanar's eye-maze,Golanar's Eye-Maze,13,Chameleon,2,TR_m3_Arvs_Reladren;TR_m4_Metendiel
grave curse: health,Grave Curse: Health,15,DamageHealth,2,PC_m1_Olosh;TR_m4_Milus Marvos
grave curse: spell points,Grave Curse: Magicka,18,DamageMagicka,1,TR_m2_Ralten Affinia
grave curse: strength,Grave Curse: Strength,14,DrainAttribute,1,TR_m1_Halan_Macrinus
great burden of sin,Great Burden of Sin,30,Burden,25,PC_m1_AlsiaJuvanus;PC_m1_AndrielNienne;PC_m1_CassandraVerach;PC_m1_Eyjar;PC_m1_MeliaSimerius;PC_m1_O_Durna;Sky_iRe_DSW_Bresiele;Sky_iRe_KW_Dunwora;Sky_iRe_MER_Runeva;Sky_qRe_DSE1_Cypriana;TR_m1_Nevusa_Lakasyn;TR_m1_Osyn_Redola;TR_m2_Drithnil Virith;TR_m2_Feduran_Tharen;TR_m2_Suron Andromo;TR_m3_Arivanya;TR_m3_Llaynor Seryon;TR_m3_Rathyne_Ienith;TR_m3_Salms_Andala;TR_m3_Varvur Parys;TR_m4_Valrik;TR_m7_Haladir;TR_m7_Myrvona Arothan;TR_m7_Ovrosa Valen;TR_m7_Vows-To-The-Soil
great feather,Great Feather,50,Feather,17,PC_m1_EnolaColus;PC_m1_SielleEumand;Sky_iRe_DSE_Selenya;Sky_qRe_DSMG_Eranthos;Sky_qRe_KWMG_JiTavarad;Sky_qRe_KWMG_Nistamal;TR_m1_Trendil_Vas;TR_m1_Vendil_Tras;TR_m2_Llerusa Manel;TR_m3_Barns Dorom;TR_m4_Ethalvora;TR_m7_Ernest Cergelle;TR_m7_Ernest Cergelle_T;TR_m7_Folms Tenim;TR_m7_Gilen Malvayn;TR_m7_Lysima Venitus;TR_m7_Ralsa Ondusi
great heal companion,Great Heal Companion,6,RestoreHealth,14,PC_m1_Kuhloga;PC_m1_SalvanusLathus;PC_m1_WearaGaldan;TR_FM_Naureen;TR_m2_Calaciren;TR_m2_Cantorius Tramel;TR_m2_Suron Andromo;TR_m3_Draryn Berathi;TR_m3_Illene_Edryn;TR_m3_Riluva Sovoras;TR_m3_Salms_Andala;TR_m3_Swirly-Tongue;TR_m7_Aphorva Cnistula;TR_m7_Siona
great levitate,Great Levitate,45,Levitate,13,PC_m1_EnolaColus;PC_m1_Kuhloga;Sky_iRe_HA_Aynoc;Sky_qRe_KWMG_Nistamal;TR_m1_Lloryn_Llaram;TR_m1_Trendil_Vas;TR_m1_Vendil_Tras;TR_m3_Ranis Andren;TR_m4_Domesea Norvalo;TR_m7_Azun;TR_m7_Camillia Chora_A;TR_m7_Maria Afrana;TR_m7_Plutus Ceno
great open,Great Open,15,Open,2,Sky_iRe_DSE_Selenya;TR_m4_Golvyn_Saryon
great resist common disease,Great Resist Common Disease,30,ResistCommonDisease,25,PC_m1_AlsiaJuvanus;PC_m1_AndrielNienne;PC_m1_CassandraVerach;PC_m1_MeliaSimerius;PC_m1_O_Durna;Sky_iRe_HA_Aynoc;Sky_iRe_KW_Dunwora;Sky_iRe_MER_Runeva;Sky_qRe_DSE1_Cypriana;TR_m1_Ferin_Gathi;TR_m1_Nevusa_Lakasyn;TR_m1_Osyn_Redola;TR_m2_Drithnil Virith;TR_m2_Suron Andromo;TR_m3_Arivanya;TR_m3_Llaynor Seryon;TR_m3_Mudera_Berelan;TR_m3_Rathyne_Ienith;TR_m3_Salms_Andala;TR_m4_Dulcitius Cullian;TR_m7_Geod Cardonese;TR_m7_Myrvona Arothan;TR_m7_Ovrosa Valen;TR_m7_Shairan;TR_m7_Vows-To-The-Soil
great resist fire,Great Resist Fire,30,ResistFire,26,PC_m1_AlsiaJuvanus;PC_m1_AndrielNienne;PC_m1_CassandraVerach;PC_m1_MeliaSimerius;PC_m1_O_Durna;PC_m1_Olosh;Sky_iRe_HA_Aynoc;Sky_iRe_KW_Dunwora;Sky_iRe_MER_Runeva;Sky_qRe_DSE1_Cypriana;TR_m1_Ferin_Gathi;TR_m1_Nevusa_Lakasyn;TR_m1_Osyn_Redola;TR_m2_Drithnil Virith;TR_m2_Mjara;TR_m2_Suron Andromo;TR_m3_Adasi Furon;TR_m3_Llaynor Seryon;TR_m3_Orelle Faugard;TR_m3_Rathyne_Ienith;TR_m3_Salms_Andala;TR_m3_Swirly-Tongue;TR_m4_Valrik;TR_m7_Myrvona Arothan;TR_m7_Ovrosa Valen;TR_m7_Vows-To-The-Soil
great resist frost,Great Resist Frost,30,ResistFrost,22,PC_m1_AlsiaJuvanus;PC_m1_AndrielNienne;PC_m1_CassandraVerach;PC_m1_MeliaSimerius;PC_m1_O_Durna;Sky_iRe_HA_Aynoc;Sky_iRe_KW_Dunwora;Sky_iRe_MER_Runeva;Sky_qRe_DSE1_Cypriana;TR_m1_Ferin_Gathi;TR_m1_Nevusa_Lakasyn;TR_m2_Drithnil Virith;TR_m2_Mjara;TR_m2_Suron Andromo;TR_m3_Llaynor Seryon;TR_m3_Orelle Faugard;TR_m3_Rathyne_Ienith;TR_m3_Salms_Andala;TR_m3_Swirly-Tongue;TR_m4_Dulcitius Cullian;TR_m7_Ovrosa Valen;TR_m7_Vows-To-The-Soil
great resist magicka,Great Resist Magicka,30,ResistMagicka,21,PC_m1_AlsiaJuvanus;PC_m1_AndrielNienne;PC_m1_CassandraVerach;PC_m1_MeliaSimerius;PC_m1_O_Durna;Sky_iRe_HA_Aynoc;Sky_iRe_KW_Dunwora;Sky_iRe_MER_Runeva;Sky_qRe_DSE1_Cypriana;TR_m1_Ferin_Gathi;TR_m1_Nevusa_Lakasyn;TR_m2_Drithnil Virith;TR_m2_Mjara;TR_m2_Suron Andromo;TR_m3_Llaynor Seryon;TR_m3_Rathyne_Ienith;TR_m3_Salms_Andala;TR_m4_Dulcitius Cullian;TR_m4_Valrik;TR_m7_Ovrosa Valen;TR_m7_Vows-To-The-Soil
great resist shock,Great Resist Shock,30,ResistShock,20,PC_m1_AlsiaJuvanus;PC_m1_AndrielNienne;PC_m1_CassandraVerach;PC_m1_MeliaSimerius;PC_m1_O_Durna;Sky_iRe_HA_Aynoc;Sky_iRe_KW_Dunwora;Sky_iRe_MER_Runeva;Sky_qRe_DSE1_Cypriana;TR_m1_Ferin_Gathi;TR_m2_Drithnil Virith;TR_m2_Mjara;TR_m2_Suron Andromo;TR_m3_Llaynor Seryon;TR_m3_Orelle Faugard;TR_m3_Salms_Andala;TR_m3_Swirly-Tongue;TR_m4_Dulcitius Cullian;TR_m7_Ovrosa Valen;TR_m7_Vows-To-The-Soil
greater resist poison,Greater Resist Poison,30,ResistPoison,23,PC_m1_AlsiaJuvanus;PC_m1_AndrielNienne;PC_m1_CassandraVerach;PC_m1_MeliaSimerius;PC_m1_O_Durna;PC_m1_SielleEumand;Sky_iRe_HA_Aynoc;Sky_iRe_KW_Dunwora;Sky_iRe_MER_Runeva;Sky_qRe_DSE1_Cypriana;TR_m1_Ferin_Gathi;TR_m1_Nevusa_Lakasyn;TR_m2_Drithnil Virith;TR_m2_Suron Andromo;TR_m3_Arivanya;TR_m3_Fedas Thalothen;TR_m3_Llaynor Seryon;TR_m3_Rathyne_Ienith;TR_m3_Salms_Andala;TR_m4_Dulcitius Cullian;TR_m7_Ovrosa Valen;TR_m7_Shairan;TR_m7_Vows-To-The-Soil
gripes,Gripes,4,DamageAttribute,1,TR_m7_Sarus Eloth
heal companion,Heal Companion,3,RestoreHealth,12,PC_m1_Kuhloga;TR_m1_Nilena_Othril;TR_m1_Protio Calvisus;TR_m1_Zalam Lonas;TR_m3_Ambrosia Hegetor;TR_m3_Arivanya;TR_m3_Hlanas Arthalen;TR_m3_Hlanas Arthalen2;TR_m3_Riluva Sovoras;TR_m3_Tirasie Nervion;TR_m3_Urvas Varen;TR_m7_Baley
heartbite,Heartbite,12,DamageHealth,3,TR_m1_Gindaman;TR_m7_Dayna Ilerothi;TR_m7_Nelmyne Gavos
hearth heal,Hearth Heal,13,RestoreHealth,35,PC_m1_DeliusAppillius;PC_m1_Kuhloga;PC_m1_LetrisCacia;TR_m1_Culenne Mair;TR_m1_Ladia Tunifus;TR_m1_Protio Calvisus;TR_m2_Cantorius Tramel;TR_m2_Thelasa Reram;TR_m2_Tiunia Veltrus;TR_m3_Adasi Furon;TR_m3_Ambrosia Hegetor;TR_m3_Draryn Berathi;TR_m3_Elvilde;TR_m3_Hlanas Arthalen;TR_m3_Hlanas Arthalen2;TR_m3_Illene_Edryn;TR_m3_Kh_Rarunsi Tervth;TR_m3_Lloryno Norom;TR_m3_Renesa Serin;TR_m3_Riluva Sovoras;TR_m3_Swirly-Tongue;TR_m3_Tirasie Nervion;TR_m3_Varvur Parys;TR_m4_Domesea Norvalo;TR_m4_Masu Hainnabibi;TR_m7_Aphorva Cnistula;TR_m7_Baley;TR_m7_Barusi Fareleth;TR_m7_Drurile Vayas;TR_m7_Erver Drinith;TR_m7_Geod Cardonese;TR_m7_Savi Selendas;TR_m7_Siona;TR_m7_Traynili Rovel;TR_m7_Valara Filansi
heavy burden,Heavy Burden,30,Burden,19,PC_m1_AlsiaJuvanus;PC_m1_CassandraVerach;PC_m1_EdwynNiniel;PC_m1_Eyjar;PC_m1_MeliaSimerius;PC_m1_O_Durna;Sky_iRe_DSW_Bresiele;Sky_iRe_KW_Dunwora;TR_m1_Ladia Tunifus;TR_m2_Drithnil Virith;TR_m2_Suron Andromo;TR_m3_Llaynor Seryon;TR_m3_Salms_Andala;TR_m4_Trehaddi;TR_m4_Valrik;TR_m7_Folms Tenim;TR_m7_Haladir;TR_m7_Ovrosa Valen;TR_m7_Vows-To-The-Soil
heavy burden touch,Heavy Burden Touch,20,Burden,12,PC_m1_AnotusMolian;PC_m1_JarvunCrowSight;PC_m1_Tirra;Sky_qRe_DSE1_Gurna;Sky_qRe_KW4_Tabica;TR_m1_Olanasa_Wenil;TR_m2_Domus Terrinus;TR_m2_Ralten Affinia;TR_m3_Anise Andres;TR_m3_Medrala Sadus;TR_m4_Idesa_Gilvani;TR_m4_Milus Marvos
hex,Hex,4,DamageAttribute,2,TR_FM_Simone Megale;TR_m3_Dridase_Irano
hide,Hide,30,Invisibility,12,PC_m1_NirvalSrethuun;PC_m1_O_Durna;Sky_iRe_DSW_Bresiele;Sky_iRe_HA_Aynoc;TR_m1_Ainssa;TR_m1_Nevusa_Lakasyn;TR_m2_Idros Llothri;TR_m3_ManielSylbenitte;TR_m3_Rathyne_Ienith;TR_m4_Mannanu Madalvel;TR_m7_Folms Tenim;TR_m7_Haladir
holy touch,Holy Touch,6,TurnUndead,5,TR_m2_Tiunia Veltrus;TR_m3_Naro Marvani;TR_m3_Urvas Varen;TR_m3_Valacca Prontia;TR_m7_Hilfrid
holy word,Holy Word,5,TurnUndead,3,TR_m2_Tiunia Veltrus;TR_m3_Naro Marvani;TR_m7_Hilfrid
invisibility,Invisibility,30,Invisibility,15,PC_m1_EdwynNiniel;PC_m1_NirvalSrethuun;PC_m1_O_Durna;PC_m1_Olosh;Sky_iRe_DSW_Bresiele;TR_m1_Nevusa_Lakasyn;TR_m2_Francine_Kington;TR_m3_Arvs_Sarvayn;TR_m3_Elmera_Saldro;TR_m3_Rathyne_Ienith;TR_m4_Idesa_Gilvani;TR_m4_Mannanu Madalvel;TR_m7_Faldrus Nedalor;TR_m7_Haladir;TR_m7_Janevynne Arthell
iron will,Iron Will,30,FortifyAttribute,47,PC_m1_AndrielNienne;PC_m1_CassandraVerach;PC_m1_O_Durna;PC_m1_Olosh;Sky_iRe_HA_Aynoc;Sky_iRe_KW_Dunwora;Sky_iRe_MER_Runeva;Sky_qRe_DSE1_Cypriana;TR_m1_Culenne Mair;TR_m1_Lloryn_Llaram;TR_m1_Nevusa_Lakasyn;TR_m1_Nilena_Othril;TR_m1_Osyn_Redola;TR_m1_Protio Calvisus;TR_m1_Punibi_Rindo;TR_m2_Berethen Olameth;TR_m2_Calaciren;TR_m2_Ilmeni Benamamat;TR_m2_Suron Andromo;TR_m3_Arel Ginith;TR_m3_Arivanya;TR_m3_Draryn Berathi;TR_m3_Farvs Valaro;TR_m3_Illene_Edryn;TR_m3_Kh_Rarunsi Tervth;TR_m3_Llaynor Seryon;TR_m3_Mudera_Berelan;TR_m3_Orelle Faugard;TR_m3_Ranis Andren;TR_m3_Rathyne_Ienith;TR_m3_Salms_Andala;TR_m3_Teldori Malreni;TR_m3_Urvas Varen;TR_m3_Valacca Prontia;TR_m4_Trehaddi;TR_m4_Valrik;TR_m7_Aphorva Cnistula;TR_m7_Belvin Uvalas;TR_m7_Dirisa Sendu;TR_m7_Dyros;TR_m7_Erver Drinith;TR_m7_Geod Cardonese;TR_m7_Kal;TR_m7_Myrvona Arothan;TR_m7_Shairan;TR_m7_Vistienna;TR_m7_Vows-To-The-Soil
ironhand,Ironhand,6,DamageFatigue,1,TR_m3_Qowenfaare
jack of trades,Jack of Trades,30,FortifyAttribute,1,TR_m7_Drurile Vayas
jump,Jump,8,Jump,7,PC_m1_SalvanusLathus;TR_m3_Lleryn Drora;TR_m3_Riluva Sovoras;TR_m4_Trehaddi;TR_m7_Belvin Uvalas;TR_m7_Folms Tenim;TR_m7_Lysima Venitus
knuckle luck,Knuckle Luck,12,DamageFatigue,3,TR_m3_Hort Serethren;TR_m3_Mirveles Omaleran;TR_m7_Faldrus Nedalor
levitate,Levitate,45,Levitate,40,PC_m1_EdwynNiniel;PC_m1_Kuhloga;PC_m1_Olosh;Sky_iRe_HA_Aynoc;TR_m1_Athenim_Adri;TR_m1_Ferin_Gathi;TR_m1_Leobert Velain;TR_m1_Lloryn_Llaram;TR_m1_Unram_Budabal;TR_m2_Fedris_Nelavyn;TR_m2_Francine_Kington;TR_m2_Llerusa Manel;TR_m3_Aras_Othran;TR_m3_Corvus Valentinus;TR_m3_Dalyne Maryon;TR_m3_Dolor Draven;TR_m3_Hort Serethren;TR_m3_Kh_Rarunsi Tervth;TR_m3_Lorviel;TR_m3_ManielSylbenitte;TR_m3_Mulvise Temaril;TR_m3_Qowenfaare;TR_m3_Renesa Serin;TR_m3_Sodeen;TR_m3_Taris_Temeris;TR_m3_Tirasie Nervion;TR_m3_Ulyne_Llothas;TR_m4_Domesea Norvalo;TR_m4_Mannanu Madalvel;TR_m4_Trehaddi;TR_m4_Valrik;TR_m7_Belvin Uvalas;TR_m7_Ernest Cergelle;TR_m7_Ernest Cergelle_T;TR_m7_Gilen Malvayn;TR_m7_Indrasi Dovayn;TR_m7_Lysima Venitus;TR_m7_Niramindra;TR_m7_Traynili Rovel;TR_m7_Varel Sadryon
light,Light,9,Light,11,TR_m2_Fedris_Nelavyn;TR_m3_Corvus Valentinus;TR_m3_Dolor Draven;TR_m3_Drinar_Saven;TR_m3_Lleryn Drora;TR_m3_Lorviel;TR_m3_ManielSylbenitte;TR_m3_Vilrani Redothan;TR_m4_Idesa_Gilvani;TR_m7_Erver Drinith;TR_m7_Kal
lightning bolt,Lightning Bolt,34,ShockDamage,16,PC_m1_LanaDelria;TR_m1_Lloryn_Llaram;TR_m1_Osyn_Redola;TR_m2_Fedris_Nelavyn;TR_m3_Arel Ginith;TR_m3_Gilar Verelnim;TR_m3_Revea_Telam;TR_m3_Tayna Baren;TR_m4_Mannanu Madalvel;TR_m4_Saylenus Ramaril;TR_m4_Saylenus RamarilD;TR_m7_Azun;TR_m7_Dovor Androth;TR_m7_Dyros;TR_m7_Nelmyne Gavos;TR_m7_Sigillah Parate
lightning shield,Lightning Shield,45,LightningShield,17,PC_m1_Kuhloga;Sky_iRe_HA_Aynoc;TR_m1_Athenim_Adri;TR_m1_Leobert Velain;TR_m1_Lloryn_Llaram;TR_m1_Olanasa_Wenil;TR_m3_Aras_Othran;TR_m3_Dridase_Irano;TR_m3_Renesa Serin;TR_m3_Riluva Sovoras;TR_m3_Ulyne_Llothas;TR_m4_Domesea Norvalo;TR_m7_Camillia Chora_A;TR_m7_Dyros;TR_m7_Lysima Venitus;TR_m7_Maria Afrana;TR_m7_Vistienna
lightning storm,Lightning Storm,34,ShockDamage,21,PC_m1_LanaDelria;PC_m1_Olosh;TR_m1_Gindaman;TR_m1_Lloryn_Llaram;TR_m1_Osyn_Redola;TR_m2_Fedris_Nelavyn;TR_m3_Arel Ginith;TR_m3_Gilar Verelnim;TR_m3_Lorviel;TR_m3_Mirveles Omaleran;TR_m3_Revea_Telam;TR_m3_Salmyne Rivaal;TR_m3_Tayna Baren;TR_m3_Valkreia Krex;TR_m4_Saylenus Ramaril;TR_m4_Saylenus RamarilD;TR_m7_Azun;TR_m7_Barusi Fareleth;TR_m7_Camillia Chora_A;TR_m7_Dyros;TR_m7_O_Amatarya
llivam's reversal,Llivam's Reversal,125,Reflect,2,TR_m3_Barns Dorom;TR_m3_Dalyne Maryon
lock,Lock,1,Lock,6,PC_m1_Olosh;TR_m1_Vonak_Limonith;TR_m2_Fedris_Nelavyn;TR_m2_Francine_Kington;TR_m3_Sodeen;TR_m4_Meryn Sarano
magickguard,Magickguard,30,ResistMagicka,26,PC_m1_AlsiaJuvanus;PC_m1_AndrielNienne;PC_m1_CassandraVerach;PC_m1_MeliaSimerius;PC_m1_O_Durna;Sky_iRe_HA_Aynoc;Sky_iRe_KW_Dunwora;Sky_iRe_MER_Runeva;Sky_qRe_DSE1_Cypriana;TR_m1_Midean;TR_m2_Drithnil Virith;TR_m2_Mjara;TR_m2_Suron Andromo;TR_m3_Adasi Furon;TR_m3_Arivanya;TR_m3_Garrick Usald;TR_m3_Gilar Verelnim;TR_m3_Llaynor Seryon;TR_m3_Rathyne_Ienith;TR_m3_Salms_Andala;TR_m4_Valrik;TR_m7_Geod Cardonese;TR_m7_Ovrosa Valen;TR_m7_Savi Selendas;TR_m7_Shairan;TR_m7_Vows-To-The-Soil
mark,Mark,18,Mark,52,PC_m1_AnotusMolian;PC_m1_Eyjar;PC_m1_Lladir;PC_m1_NirvalSrethuun;PC_m1_Olosh;PC_m1_Tirra;Sky_qRe_DSE1_Gurna;Sky_qRe_KW4_Tabica;TR_FM_Simone Megale;TR_m1_Ainssa;TR_m1_Leobert Velain;TR_m1_Midean;TR_m1_Unram_Budabal;TR_m1_Vonak_Limonith;TR_m2_Calaciren;TR_m2_Francine_Kington;TR_m2_Ralten Affinia;TR_m2_Thelasa Reram;TR_m2_Vaden_Nerath;TR_m3_Arvs_Reladren;TR_m3_Dolor Draven;TR_m3_Drathyn_Galvith;TR_m3_Dravayn Tarethren;TR_m3_Elmera_Saldro;TR_m3_Elvilde;TR_m3_Faras_Omayn;TR_m3_Farvs Valaro;TR_m3_Garrick Usald;TR_m3_Hort Serethren;TR_m3_Medrala Sadus;TR_m3_Mulvise Temaril;TR_m4_Drorayni Omayn;TR_m4_Golvyn_Saryon;TR_m4_Idesa_Gilvani;TR_m4_Masu Hainnabibi;TR_m4_Meryn Sarano;TR_m4_Milus Marvos;TR_m7_Barusi Fareleth;TR_m7_Dayna Ilerothi;TR_m7_Dovor Androth;TR_m7_Drurile Vayas;TR_m7_Ernest Cergelle;TR_m7_Ernest Cergelle_T;TR_m7_Gilen Malvayn;TR_m7_Haladir;TR_m7_Nelmyne Gavos;TR_m7_Riraynea Omayn;TR_m7_Sarus Eloth;TR_m7_Siona;TR_m7_Traynili Rovel;TR_m7_Tureyvendil;TR_m7_Zhirasha
masteful red wisdom,Masterful Red Wisdom,45,FortifySkill,3,Sky_iRe_DSE_Selenya;Sky_qRe_DSMG_Eranthos;TR_m7_Dro'Jaaban
masterful golden wisdom,Masterful Golden Wisdom,45,FortifySkill,1,TR_m7_Dro'Jaaban
masterful green wisdom,Masterful Green Wisdom,45,FortifySkill,1,TR_m7_Dro'Jaaban
masterful red wisdom,Masterful Red Wisdom,45,FortifySkill,3,Sky_iRe_DSE_Selenya;Sky_qRe_DSMG_Eranthos;TR_m7_Indrasi Dovayn
masterful silver wisdom,Masterful Silver Wisdom,45,FortifySkill,1,TR_m7_Dro'Jaaban
masterful sublime wisdom,Masterful Sublime Wisdom,45,FortifySkill,1,PC_m1_SielleEumand
masterful transcendant wisdom,Masterful Transcendant Wisdom,45,FortifySkill,1,TR_m7_Riraynea Omayn
masterful unseen wisdom,Masterful Unseen Wisdom,45,FortifySkill,2,PC_m1_Kuhloga;TR_m7_Dro'Jaaban
medusa's gaze,Medusa's Gaze,45,Paralyze,20,PC_m1_EnolaColus;PC_m1_SielleEumand;Sky_iRe_DSE_Selenya;Sky_qRe_DSMG_Eranthos;Sky_qRe_KWMG_JiTavarad;TR_m1_Fusath_Relyan;TR_m1_Lloryn_Llaram;TR_m1_Tirele_Edri;TR_m1_Usmalli_Nefros;TR_m2_Idros Llothri;TR_m3_Dalyne Maryon;TR_m3_ManielSylbenitte;TR_m4_Ethalvora;TR_m4_Mannanu Madalvel;TR_m7_Dayna Ilerothi;TR_m7_Ernest Cergelle;TR_m7_Ernest Cergelle_T;TR_m7_Indrasi Dovayn;TR_m7_Kal;TR_m7_Nolidrando
mother's kiss,Mother's Kiss,4,RestoreHealth,8,TR_m1_Protio Calvisus;TR_m1_Unram_Budabal;TR_m1_Zalam Lonas;TR_m3_Adasi Furon;TR_m3_Arivanya;TR_m3_Orelle Faugard;TR_m3_Swirly-Tongue;TR_m7_Hilfrid
night-eye,Night-Eye,6,NightEye,18,PC_m1_Olosh;TR_m1_Nilena_Othril;TR_m1_Tirele_Edri;TR_m2_Fedris_Nelavyn;TR_m2_Idros Llothri;TR_m3_Corvus Valentinus;TR_m3_Drinar_Saven;TR_m3_Lorviel;TR_m3_ManielSylbenitte;TR_m3_Mulvise Temaril;TR_m3_Salaru Andalen;TR_m3_Sodeen;TR_m4_Idesa_Gilvani;TR_m4_Metendiel;TR_m7_Faldrus Nedalor;TR_m7_Folms Tenim;TR_m7_Kal;TR_m7_Nolidrando
nimbleness,Nimbleness,30,FortifyAttribute,7,TR_m1_Nilena_Othril;TR_m1_Protio Calvisus;TR_m2_Berethen Olameth;TR_m3_Ahasou_Saravyn;TR_m3_Vono_Sarando;TR_m7_Erver Drinith;TR_m7_Siona
noise,Noise,4,Sound,2,TR_m3_Mulvise Temaril;TR_m3_Sodeen
ondusi's open door,Ondusi's Open Door,15,Open,21,PC_m1_AnotusMolian;PC_m1_Lladir;PC_m1_Olosh;PC_m1_Tirra;TR_m1_Ainssa;TR_m2_Fedris_Nelavyn;TR_m3_Arvs_Reladren;TR_m3_Burahk gra-Omphub;TR_m3_Corvus Valentinus;TR_m3_Lorviel;TR_m3_ManielSylbenitte;TR_m3_Mulvise Temaril;TR_m3_Sodeen;TR_m4_Meryn Sarano;TR_m4_Vistilia_Sparilus;TR_m7_Dayna Ilerothi;TR_m7_Ernest Cergelle;TR_m7_Ernest Cergelle_T;TR_m7_Folms Tenim;TR_m7_Niramindra;TR_m7_Ralsa Ondusi
open,Open,6,Open,3,PC_m1_NirvalSrethuun;Sky_qRe_KWMG4_Havild;TR_m4_Metendiel
orc's strength,Orc Strength,38,FortifyAttribute,8,PC_m1_Kuhloga;TR_m3_Arel Ginith;TR_m3_Farvs Valaro;TR_m3_Felmo Ilveroth;TR_m3_Illene_Edryn;TR_m3_Swirly-Tongue;TR_m4_Domesea Norvalo;TR_m7_Vistienna
ordeal of st. olms,Ordeal of St. Olms,75,DrainFatigue,4,TR_m1_Punibi_Rindo;TR_m3_Mirveles Omaleran;TR_m3_Onusea Reyas;TR_m4_Ranso Virian
panacea,Panacea,120,CurePoison,3,TR_m7_Lysima Venitus;TR_m7_Plutus Ceno;TR_m7_Zhirasha
paralysis,Paralysis,10,Paralyze,10,TR_m1_Ainssa;TR_m3_Burahk gra-Omphub;TR_m3_Corvus Valentinus;TR_m3_Mevil Llerano;TR_m3_Mulvise Temaril;TR_m4_Masu Hainnabibi;TR_m4_Trehaddi;TR_m7_Faldrus Nedalor;TR_m7_MutuNambabud;TR_m7_Savi Selendas
poet's whim,Poet's Whim,39,ResistBlightDisease,7,TR_m1_Lloryn_Llaram;TR_m1_Nevusa_Lakasyn;TR_m3_Arel Ginith;TR_m3_Medrala Sadus;TR_m3_Ranis Andren;TR_m3_Rathyne_Ienith;TR_m4_Domesea Norvalo
poison,Poison,9,Poison,2,TR_m2_Feduran_Tharen;TR_m7_Camillia Chora_A
poison_powerful,Toxic Cloud,61,Poison,16,PC_m1_EnolaColus;PC_m1_Lladir;PC_m1_SielleEumand;Sky_iRe_DSE_Selenya;TR_m1_Aeli_Danym;TR_m1_Fusath_Relyan;TR_m1_Gindaman;TR_m1_Ultern;TR_m1_Usmalli_Nefros;TR_m3_Dalyne Maryon;TR_m3_Salmyne Rivaal;TR_m4_Ethalvora;TR_m7_Azun;TR_m7_Dro'Jaaban;TR_m7_Dyros;TR_m7_Renixia Vedius
poisonbloom,Poisonbloom,39,Poison,19,PC_m1_LanaDelria;PC_m1_Lladir;PC_m1_SielleEumand;TR_m1_Lloryn_Llaram;TR_m1_Osyn_Redola;TR_m2_Fedris_Nelavyn;TR_m2_Feduran_Tharen;TR_m3_Aras_Othran;TR_m3_Arel Ginith;TR_m3_Dalyne Maryon;TR_m3_Mulvise Temaril;TR_m4_Domesea Norvalo;TR_m4_Saylenus Ramaril;TR_m4_Saylenus RamarilD;TR_m7_Azun;TR_m7_Camillia Chora_A;TR_m7_MutuNambabud;TR_m7_Renixia Vedius;TR_m7_Tureyvendil
poisonguard,Poisonguard,90,ResistPoison,2,TR_m3_Andril Selothi;TR_m3_Onusea Reyas
poisonous touch,Poisonous Touch,12,Poison,6,PC_m1_AndrielNienne;TR_m2_Feduran_Tharen;TR_m3_Burahk gra-Omphub;TR_m3_Lloryno Norom;TR_m4_Valrik;TR_m7_Camillia Chora_A
potent poison,Potent Poison,68,Poison,1,TR_m3_Mulvise Temaril
potent poison [ranged],Potent Poison [Ranged],101,Poison,1,TR_m2_Feduran_Tharen
powerwell,Powerwell,38,FortifyMagicka,39,PC_m1_AndrielNienne;PC_m1_Kuhloga;PC_m1_SielleEumand;Sky_iRe_DSE_Selenya;Sky_iRe_HA_Aynoc;Sky_iRe_KW_Dunwora;Sky_iRe_MER_Runeva;Sky_qRe_DSE1_Cypriana;Sky_qRe_DSMG_Eranthos;Sky_qRe_KWMG_JiTavarad;TR_m1_Culenne Mair;TR_m1_Leobert Velain;TR_m1_Lloryn_Llaram;TR_m1_Nevusa_Lakasyn;TR_m1_Nilena_Othril;TR_m1_Osyn_Redola;TR_m1_Protio Calvisus;TR_m2_Ilmeni Benamamat;TR_m2_Mjara;TR_m3_Adasi Furon;TR_m3_Aras_Othran;TR_m3_Arel Ginith;TR_m3_Arivanya;TR_m3_Endra Ilvuthi;TR_m3_Gilar Verelnim;TR_m3_Lleryn Drora;TR_m3_Orelle Faugard;TR_m3_Ranis Andren;TR_m3_Rathyne_Ienith;TR_m3_Vono_Sarando;TR_m4_Domesea Norvalo;TR_m7_Aphorva Cnistula;TR_m7_Barusi Fareleth;TR_m7_Geod Cardonese;TR_m7_Gilen Malvayn;TR_m7_Indrasi Dovayn;TR_m7_Plutus Ceno;TR_m7_Varel Sadryon;TR_m7_Vistienna
Quicksilver,Quicksilver,30,FortifyAttribute,15,TR_m1_Nilena_Othril;TR_m2_Berethen Olameth;TR_m2_Ilmeni Benamamat;TR_m2_Suron Andromo;TR_m3_Ahasou_Saravyn;TR_m3_Andril Selothi;TR_m3_Anila Bereleth;TR_m3_Gilar Verelnim;TR_m3_Llaynor Seryon;TR_m3_Salms_Andala;TR_m3_Swirly-Tongue;TR_m7_Dirisa Sendu;TR_m7_Erver Drinith;TR_m7_Shairan;TR_m7_Vows-To-The-Soil
rally beast,Rally Beast,2,RallyCreature,3,TR_m3_Ahasou_Saravyn;TR_m3_Vono_Sarando;TR_m7_MutuNambabud
rally creature,Rally Creature,2,RallyCreature,3,TR_m7_Kal;TR_m7_Nolidrando;TR_m7_Savi Selendas
rally humanoid,Rally Humanoid,2,RallyHumanoid,4,TR_m3_Valacca Prontia;TR_m7_Kal;TR_m7_Nolidrando;TR_m7_Savi Selendas
rallying touch,Rallying Touch,2,RallyHumanoid,2,TR_m3_Ahasou_Saravyn;TR_m3_Vono_Sarando
rapid regenerate,Rapid Regenerate,38,RestoreHealth,40,PC_m1_AndrielNienne;Sky_iRe_DSE_Selenya;Sky_iRe_HA_Aynoc;Sky_iRe_KW_Dunwora;Sky_iRe_MER_Runeva;Sky_qRe_DSE1_Cypriana;Sky_qRe_DSMG_Eranthos;Sky_qRe_KWMG_JiTavarad;TR_m1_Culenne Mair;TR_m1_Leobert Velain;TR_m1_Lloryn_Llaram;TR_m1_Nevusa_Lakasyn;TR_m1_Nilena_Othril;TR_m1_Osyn_Redola;TR_m2_Cantorius Tramel;TR_m2_Ilmeni Benamamat;TR_m2_Mjara;TR_m2_Vaden_Nerath;TR_m3_Aras_Othran;TR_m3_Arel Ginith;TR_m3_Arivanya;TR_m3_Beldren Irano;TR_m3_Farvs Valaro;TR_m3_Felmo Ilveroth;TR_m3_Gragus Othrenim;TR_m3_Onusea Reyas;TR_m3_Rathyne_Ienith;TR_m4_Domesea Norvalo;TR_m4_Trehaddi;TR_m7_Dirisa Sendu;TR_m7_Drurile Vayas;TR_m7_Hilfrid;TR_m7_Kal;TR_m7_Lysima Venitus;TR_m7_Myrvona Arothan;TR_m7_Siona;TR_m7_Traynili Rovel;TR_m7_Valara Filansi;TR_m7_Varel Sadryon;TR_m7_Vistienna
recall,Recall,18,Recall,50,PC_m1_AnotusMolian;PC_m1_Eyjar;PC_m1_Lladir;PC_m1_NirvalSrethuun;PC_m1_Olosh;PC_m1_Tirra;Sky_iRe_DSW_Bresiele;Sky_qRe_DSE1_Gurna;Sky_qRe_KW4_Tabica;TR_FM_Simone Megale;TR_m1_Ainssa;TR_m1_Leobert Velain;TR_m1_Unram_Budabal;TR_m1_Vonak_Limonith;TR_m2_Calaciren;TR_m2_Francine_Kington;TR_m2_Ralten Affinia;TR_m2_Thelasa Reram;TR_m2_Vaden_Nerath;TR_m3_Arvs_Reladren;TR_m3_Dolor Draven;TR_m3_Dravayn Tarethren;TR_m3_Elmera_Saldro;TR_m3_Faras_Omayn;TR_m3_Garrick Usald;TR_m3_Hort Serethren;TR_m3_ManielSylbenitte;TR_m3_Medrala Sadus;TR_m3_Mulvise Temaril;TR_m3_Riluva Sovoras;TR_m4_Drorayni Omayn;TR_m4_Golvyn_Saryon;TR_m4_Idesa_Gilvani;TR_m4_Masu Hainnabibi;TR_m4_Meryn Sarano;TR_m4_Milus Marvos;TR_m4_Vistilia_Sparilus;TR_m7_Barusi Fareleth;TR_m7_Dayna Ilerothi;TR_m7_Dovor Androth;TR_m7_Drurile Vayas;TR_m7_Ernest Cergelle;TR_m7_Ernest Cergelle_T;TR_m7_Gilen Malvayn;TR_m7_Haladir;TR_m7_Riraynea Omayn;TR_m7_Sarus Eloth;TR_m7_Siona;TR_m7_Traynili Rovel;TR_m7_Zhirasha
reflect,Reflect,38,Reflect,38,PC_m1_AndrielNienne;PC_m1_EdwynNiniel;PC_m1_NirvalSrethuun;Sky_iRe_DSW_Bresiele;Sky_iRe_HA_Aynoc;Sky_iRe_KW_Dunwora;Sky_iRe_MER_Runeva;Sky_qRe_DSE1_Cypriana;Sky_qRe_DSMG_Eranthos;Sky_qRe_KWMG_JiTavarad;TR_m1_Aeli_Danym;TR_m1_Ainssa;TR_m1_Ferin_Gathi;TR_m1_Leobert Velain;TR_m1_Lloryn_Llaram;TR_m1_Nevusa_Lakasyn;TR_m1_Osyn_Redola;TR_m1_Trendil_Vas;TR_m1_Vendil_Tras;TR_m2_Cantorius Tramel;TR_m2_Feduran_Tharen;TR_m2_Francine_Kington;TR_m2_Mjara;TR_m3_Aras_Othran;TR_m3_Arel Ginith;TR_m3_Dridase_Irano;TR_m3_Rathyne_Ienith;TR_m4_Domesea Norvalo;TR_m4_Ethalvora;TR_m7_Camillia Chora_A;TR_m7_Drurile Vayas;TR_m7_Ernest Cergelle;TR_m7_Ernest Cergelle_T;TR_m7_Geod Cardonese;TR_m7_Janevynne Arthell;TR_m7_Plutus Ceno;TR_m7_Tilisu Kelarven;TR_m7_Varel Sadryon
regenerate,Regenerate,15,RestoreHealth,15,PC_m1_Lladir;PC_m1_Olosh;TR_m2_Calaciren;TR_m2_Ilmeni Benamamat;TR_m2_Vaden_Nerath;TR_m3_Ambrosia Hegetor;TR_m3_Anila Bereleth;TR_m3_Garrick Usald;TR_m3_Mudera_Berelan;TR_m3_Swirly-Tongue;TR_m3_Tirasie Nervion;TR_m4_Golvyn_Saryon;TR_m4_Meryn Sarano;TR_m7_Aphorva Cnistula;TR_m7_Savi Selendas
resist common disease,Resist Common Disease,5,ResistCommonDisease,1,TR_m3_Andril Selothi
resist fire,Resist Fire,5,ResistFire,3,PC_m1_SalvanusLathus;TR_m1_Halan_Macrinus;TR_m1_Protio Calvisus
resist frost,Resist Frost,5,ResistFrost,2,TR_m1_Halan_Macrinus;TR_m1_Protio Calvisus
resist magicka,Resist Magicka,5,ResistMagicka,2,TR_m1_Halan_Macrinus;TR_m1_Protio Calvisus
resist paralysis,Resist Paralysis,300,ResistParalysis,3,TR_m3_Ahasou_Saravyn;TR_m3_Medrala Sadus;TR_m3_Onusea Reyas
resist poison,Resist Poison,10,ResistPoison,9,PC_m1_DeliusAppillius;PC_m1_LetrisCacia;PC_m1_WearaGaldan;TR_m1_Halan_Macrinus;TR_m1_Protio Calvisus;TR_m2_Thelasa Reram;TR_m3_Ahasou_Saravyn;TR_m4_Masu Hainnabibi;TR_m7_Baley
resist shock,Resist Shock,10,ResistShock,7,PC_m1_DeliusAppillius;PC_m1_LetrisCacia;PC_m1_WearaGaldan;TR_m1_Halan_Macrinus;TR_m1_Protio Calvisus;TR_m2_Thelasa Reram;TR_m4_Masu Hainnabibi
rest of st. merris,Rest of St. Merris,6,RestoreFatigue,18,TR_m1_Athenim_Adri;TR_m1_Zalam Lonas;TR_m2_Vaden_Nerath;TR_m3_Anila Bereleth;TR_m3_Beldren Irano;TR_m3_Fedas Thalothen;TR_m3_Onusea Reyas;TR_m3_Salaru Andalen;TR_m3_Tirasie Nervion;TR_m3_Varvur Parys;TR_m3_Vono_Sarando;TR_m7_Belvin Uvalas;TR_m7_Dirisa Sendu;TR_m7_Furen Hlavel;TR_m7_Savi Selendas;TR_m7_Traynili Rovel;TR_m7_Valara Filansi;TR_m7_Varel Sadryon
restore agility,Restore Agility,19,RestoreAttribute,13,PC_m1_Kuhloga;TR_FM_Naureen;TR_m1_Athenim_Adri;TR_m1_Nilena_Othril;TR_m1_Osyn_Redola;TR_m2_Tiunia Veltrus;TR_m2_Vaden_Nerath;TR_m3_Urvas Varen;TR_m7_Dirisa Sendu;TR_m7_Dovor Androth;TR_m7_Lysima Venitus;TR_m7_Myrvona Arothan;TR_m7_Shairan
restore endurance,Restore Endurance,19,RestoreAttribute,15,PC_m1_Kuhloga;TR_FM_Naureen;TR_m1_Athenim_Adri;TR_m1_Nilena_Othril;TR_m1_Osyn_Redola;TR_m2_Tiunia Veltrus;TR_m2_Vaden_Nerath;TR_m3_Gilar Verelnim;TR_m3_Orelle Faugard;TR_m3_Teldori Malreni;TR_m7_Dirisa Sendu;TR_m7_Geod Cardonese;TR_m7_Lysima Venitus;TR_m7_Myrvona Arothan;TR_m7_Shairan
restore intelligence,Restore Intelligence,19,RestoreAttribute,15,TR_FM_Naureen;TR_m1_Athenim_Adri;TR_m1_Leobert Velain;TR_m1_Nilena_Othril;TR_m1_Osyn_Redola;TR_m2_Cantorius Tramel;TR_m2_Tiunia Veltrus;TR_m2_Vaden_Nerath;TR_m3_Riluva Sovoras;TR_m7_Dirisa Sendu;TR_m7_Erver Drinith;TR_m7_Kal;TR_m7_Lysima Venitus;TR_m7_Myrvona Arothan;TR_m7_Valara Filansi
restore luck,Restore Luck,19,RestoreAttribute,17,TR_FM_Naureen;TR_m1_Athenim_Adri;TR_m1_Leobert Velain;TR_m1_Nilena_Othril;TR_m1_Osyn_Redola;TR_m1_Unram_Budabal;TR_m2_Tiunia Veltrus;TR_m2_Vaden_Nerath;TR_m3_Beldren Irano;TR_m3_Farvs Valaro;TR_m3_Orelle Faugard;TR_m3_Swirly-Tongue;TR_m7_Baley;TR_m7_Dirisa Sendu;TR_m7_Erver Drinith;TR_m7_Lysima Venitus;TR_m7_Myrvona Arothan
restore personality,Restore Personality,19,RestoreAttribute,14,PC_m1_EmbrilvusNyrondus;TR_FM_Naureen;TR_m1_Athenim_Adri;TR_m1_Nilena_Othril;TR_m1_Osyn_Redola;TR_m2_Cantorius Tramel;TR_m2_Tiunia Veltrus;TR_m2_Vaden_Nerath;TR_m3_Lleryn Drora;TR_m7_Aphorva Cnistula;TR_m7_Dirisa Sendu;TR_m7_Erver Drinith;TR_m7_Lysima Venitus;TR_m7_Myrvona Arothan
restore speed,Restore Speed,19,RestoreAttribute,17,TR_FM_Naureen;TR_m1_Athenim_Adri;TR_m1_Nilena_Othril;TR_m1_Osyn_Redola;TR_m1_Zalam Lonas;TR_m2_Cantorius Tramel;TR_m2_Tiunia Veltrus;TR_m2_Vaden_Nerath;TR_m3_Gilar Verelnim;TR_m3_Swirly-Tongue;TR_m3_Vilrani Redothan;TR_m4_Dulcitius Cullian;TR_m7_Dirisa Sendu;TR_m7_Dovor Androth;TR_m7_Drurile Vayas;TR_m7_Lysima Venitus;TR_m7_Myrvona Arothan
restore strength,Restore Strength,19,RestoreAttribute,36,PC_m1_Kuhloga;TR_FM_Naureen;TR_m1_Athenim_Adri;TR_m1_Leobert Velain;TR_m1_Nilena_Othril;TR_m1_Osyn_Redola;TR_m1_Zalam Lonas;TR_m2_Cantorius Tramel;TR_m2_Tiunia Veltrus;TR_m2_Vaden_Nerath;TR_m3_Adasi Furon;TR_m3_Anila Bereleth;TR_m3_Beldren Irano;TR_m3_Draryn Berathi;TR_m3_Drathyn_Galvith;TR_m3_Farvs Valaro;TR_m3_Fedas Thalothen;TR_m3_Ginur Thelvil;TR_m3_Hlanas Arthalen;TR_m3_Hlanas Arthalen2;TR_m3_Illene_Edryn;TR_m3_Kh_Rarunsi Tervth;TR_m3_Mudera_Berelan;TR_m3_Orelle Faugard;TR_m3_Vilrani Redothan;TR_m4_Dulcitius Cullian;TR_m7_Aphorva Cnistula;TR_m7_Baley;TR_m7_Belvin Uvalas;TR_m7_Dirisa Sendu;TR_m7_Dovor Androth;TR_m7_Drurile Vayas;TR_m7_Geod Cardonese;TR_m7_Lysima Venitus;TR_m7_Myrvona Arothan;TR_m7_Valara Filansi
restore willpower,Restore Willpower,19,RestoreAttribute,25,PC_m1_JarvunCrowSight;PC_m1_Kuhloga;PC_m1_Tirra;Sky_qRe_DSE1_Gurna;TR_FM_Naureen;TR_m1_Athenim_Adri;TR_m1_Leobert Velain;TR_m1_Nilena_Othril;TR_m1_Osyn_Redola;TR_m2_Tiunia Veltrus;TR_m2_Vaden_Nerath;TR_m3_Illene_Edryn;TR_m3_Lleryn Drora;TR_m3_Mudera_Berelan;TR_m3_Orelle Faugard;TR_m3_Riluva Sovoras;TR_m7_Aphorva Cnistula;TR_m7_Baley;TR_m7_Belvin Uvalas;TR_m7_Dirisa Sendu;TR_m7_Drurile Vayas;TR_m7_Erver Drinith;TR_m7_Kal;TR_m7_Lysima Venitus;TR_m7_Myrvona Arothan
righteousness,Righteousness,4,AbsorbHealth,13,TR_m1_Culenne Mair;TR_m1_Protio Calvisus;TR_m2_Tiunia Veltrus;TR_m3_Drinar_Saven;TR_m3_Garara Hlerothi;TR_m3_Hlanas Arthalen;TR_m3_Hlanas Arthalen2;TR_m3_Lloryno Norom;TR_m3_Onusea Reyas;TR_m3_Valacca Prontia;TR_m3_Vilrani Redothan;TR_m3_Vono_Sarando;TR_m4_Ranso Virian
rilm's cure,Rilm's Cure,15,CureCommonDisease,19,TR_m1_Athenim_Adri;TR_m1_Ferin_Gathi;TR_m1_Zalam Lonas;TR_m2_Berethen Olameth;TR_m2_Ilmeni Benamamat;TR_m2_Vaden_Nerath;TR_m3_Anila Bereleth;TR_m3_Beldren Irano;TR_m3_Drathyn_Galvith;TR_m3_Endra Ilvuthi;TR_m3_Fedas Thalothen;TR_m3_Lloryno Norom;TR_m3_Riluva Sovoras;TR_m3_Vilrani Redothan;TR_m4_Drorayni Omayn;TR_m4_Golvyn_Saryon;TR_m7_Shairan;TR_m7_Valara Filansi;TR_m7_Varel Sadryon
rilm's gift,Rilm's Gift,30,CureCommonDisease,8,TR_m1_Ferin_Gathi;TR_m2_Berethen Olameth;TR_m3_Endra Ilvuthi;TR_m3_Fedas Thalothen;TR_m3_Taris_Temeris;TR_m3_Urvas Varen;TR_m7_Valara Filansi;TR_m7_Varel Sadryon
rilm's grace,Rilm's Grace,720,FortifyAttribute,1,TR_m3_Endra Ilvuthi
saintly touch,Saintly Touch,15,TurnUndead,7,TR_m1_Leobert Velain;TR_m2_Calaciren;TR_m2_Cantorius Tramel;TR_m3_Felmo Ilveroth;TR_m3_Garara Hlerothi;TR_m3_Lloryno Norom;TR_m7_Plutus Ceno
saintly word,Saintly Word,23,TurnUndead,12,PC_m1_AlsiaJuvanus;PC_m1_MeliaSimerius;PC_m1_NirvalSrethuun;TR_m1_Leobert Velain;TR_m1_Punibi_Rindo;TR_m2_Calaciren;TR_m2_Cantorius Tramel;TR_m3_Felmo Ilveroth;TR_m3_Lloryno Norom;TR_m3_Valvesu Athones;TR_m7_Plutus Ceno;TR_m7_Tilisu Kelarven
sanctuary,Sanctuary,15,Sanctuary,17,PC_m1_AnotusMolian;PC_m1_Lladir;PC_m1_Olosh;TR_m1_O_Fevyn Verethi;TR_m1_Tirele_Edri;TR_m2_Fedris_Nelavyn;TR_m3_Anila Bereleth;TR_m3_Arvs_Reladren;TR_m3_Burahk gra-Omphub;TR_m3_Dolor Draven;TR_m3_ManielSylbenitte;TR_m4_Domesea Norvalo;TR_m4_Idesa_Gilvani;TR_m4_Milus Marvos;TR_m7_Dayna Ilerothi;TR_m7_Erver Drinith;TR_m7_Savi Selendas
scourge blade,Scourge Blade,56,DrainSkill,1,TR_m1_Gindaman
second barrier,Second Barrier,60,Shield,28,PC_m1_EnolaColus;PC_m1_SielleEumand;Sky_iRe_DSE_Selenya;Sky_qRe_DSMG_Eranthos;Sky_qRe_NAR_Yarok;TR_m1_Fusath_Relyan;TR_m1_Midean;TR_m2_Vaden_Nerath;TR_m3_Corvus Valentinus;TR_m3_Hort Serethren;TR_m3_Lloryno Norom;TR_m3_Onusea Reyas;TR_m3_Renesa Serin;TR_m3_Ulyne_Llothas;TR_m3_Varvur Parys;TR_m4_Drorayni Omayn;TR_m4_Ethalvora;TR_m4_Trehaddi;TR_m4_Vistilia_Sparilus;TR_m7_Azun;TR_m7_Camillia Chora_A;TR_m7_Dro'Jaaban;TR_m7_Drurile Vayas;TR_m7_Gilen Malvayn;TR_m7_Lysima Venitus;TR_m7_MutuNambabud;TR_m7_Niramindra;TR_m7_Vistienna
seryn's blessing,Seryn's Blessing,20,ResistCommonDisease,13,TR_m1_Olanasa_Wenil;TR_m1_Punibi_Rindo;TR_m1_Unram_Budabal;TR_m3_Anila Bereleth;TR_m3_Aras_Othran;TR_m3_Beldren Irano;TR_m3_Riluva Sovoras;TR_m3_Taris_Temeris;TR_m3_Varvur Parys;TR_m3_Vilrani Redothan;TR_m3_Vono_Sarando;TR_m4_Ranso Virian;TR_m7_Savi Selendas
seryn's gift,Seryn's Gift,5,CurePoison,14,TR_m1_Olanasa_Wenil;TR_m1_Punibi_Rindo;TR_m3_Anise Andres;TR_m3_Aras_Othran;TR_m3_Arivanya;TR_m3_Endra Ilvuthi;TR_m3_Onusea Reyas;TR_m3_Taris_Temeris;TR_m3_Urvas Varen;TR_m3_Vilrani Redothan;TR_m4_Ranso Virian;TR_m7_Belvin Uvalas;TR_m7_Dirisa Sendu;TR_m7_Varel Sadryon
shadow form,Shadow Form,16,Chameleon,6,PC_m1_AnotusMolian;PC_m1_Lladir;TR_m1_Tirele_Edri;TR_m4_Milus Marvos;TR_m4_Vistilia_Sparilus;TR_m7_Dayna Ilerothi
shadow weave,Shadow Weave,20,Chameleon,22,PC_m1_AnotusMolian;PC_m1_NirvalSrethuun;Sky_iRe_DSW_Bresiele;Sky_iRe_HA_Aynoc;Sky_iRe_MER_Runeva;TR_m1_Nevusa_Lakasyn;TR_m2_Ralten Affinia;TR_m3_Burahk gra-Omphub;TR_m3_Kh_Rarunsi Tervth;TR_m3_Mevil Llerano;TR_m3_Mulvise Temaril;TR_m3_Rathyne_Ienith;TR_m3_Renaso Gals;TR_m4_Mannanu Madalvel;TR_m4_Milus Marvos;TR_m4_Trehaddi;TR_m4_Vistilia_Sparilus;TR_m7_Dayna Ilerothi;TR_m7_Faldrus Nedalor;TR_m7_Haladir;TR_m7_Janevynne Arthell;TR_m7_Sarus Eloth
shadowmask,Shadowmask,83,Chameleon,1,TR_m7_Nolidrando
shalidor's mirror,Shalidor's Mirror,100,Reflect,6,PC_m1_Olosh;TR_m2_Calaciren;TR_m2_Idros Llothri;TR_m3_Andril Selothi;TR_m3_Felmo Ilveroth;TR_m7_Lissinia Bax
shield,Shield,15,Shield,13,PC_m1_Lladir;PC_m1_Olosh;TR_m1_Ainssa;TR_m1_Punibi_Rindo;TR_m2_Fedris_Nelavyn;TR_m3_Ambrosia Hegetor;TR_m3_Beldren Irano;TR_m3_Drathyn_Galvith;TR_m3_Elvilde;TR_m3_Tirasie Nervion;TR_m4_Golvyn_Saryon;TR_m4_Idesa_Gilvani;TR_m4_Meryn Sarano
shield of the armiger,Shield of the Armiger,75,ResistBlightDisease,2,TR_m1_Punibi_Rindo;TR_m3_Aras_Othran
shock,Shock,3,ShockDamage,4,TR_m1_Vonak_Limonith;TR_m3_Elvilde;TR_m3_Tayna Baren;TR_m7_Eno Malvayn
shock barrier,Shock Barrier,8,LightningShield,5,PC_m1_SalvanusLathus;PC_m1_WearaGaldan;TR_m2_Ralten Affinia;TR_m3_Revea_Telam;TR_m3_Ulyne_Llothas
shock shield,Shock Shield,9,LightningShield,5,PC_m1_SalvanusLathus;PC_m1_WearaGaldan;TR_m1_Nilena_Othril;TR_m3_Lorviel;TR_m4_Dulcitius Cullian
shockball,Shockball,14,ShockDamage,7,PC_m1_Olosh;TR_m1_Ladia Tunifus;TR_m1_Taldasi_Menguren;TR_m3_Lorviel;TR_m3_Qowenfaare;TR_m7_Eno Malvayn;TR_m7_Kal
shockball_large,Greater Shockball,14,ShockDamage,6,PC_m1_Olosh;TR_m2_Relmeria Drados;TR_m3_Cellitara;TR_m3_Lleryn Drora;TR_m7_Aphorva Cnistula;TR_m7_Sarus Eloth
shockbite,Shockbite,28,ShockDamage,11,PC_m1_Eyjar;TR_m1_Halan_Macrinus;TR_m1_Ladia Tunifus;TR_m2_Fedris_Nelavyn;TR_m3_Arvs_Sarvayn;TR_m3_Gilar Verelnim;TR_m4_Saylenus Ramaril;TR_m4_Saylenus RamarilD;TR_m7_Azun;TR_m7_Sigillah Parate;TR_m7_Tilisu Kelarven
shockbloom,Shockbloom,37,ShockDamage,18,PC_m1_LanaDelria;PC_m1_Olosh;PC_m1_SielleEumand;TR_m1_Lloryn_Llaram;TR_m1_Osyn_Redola;TR_m1_Taldasi_Menguren;TR_m1_Vonak_Limonith;TR_m3_Arel Ginith;TR_m3_Cellitara;TR_m3_Dolor Draven;TR_m3_Farvs Valaro;TR_m3_Mirveles Omaleran;TR_m3_Revea_Telam;TR_m4_Saylenus Ramaril;TR_m4_Saylenus RamarilD;TR_m7_Camillia Chora_A;TR_m7_Nelmyne Gavos;TR_m7_Tureyvendil
shockguard,Shockguard,90,ResistShock,1,TR_m3_Andril Selothi
shocking touch,Shocking Touch,6,ShockDamage,2,TR_m1_Vonak_Limonith;TR_m3_Valvesu Athones
silence,Silence,15,Silence,7,PC_m1_Lladir;PC_m1_Olosh;TR_m3_Mulvise Temaril;TR_m3_Orevis Hlan;TR_m4_Idesa_Gilvani;TR_m4_Milus Marvos;TR_m4_Vistilia_Sparilus
sixth barrier,Sixth Barrier,180,Shield,4,TR_FM_Simone Megale;TR_m1_Gindaman;TR_m7_Ralsa Ondusi;TR_m7_Sigillah Parate
skylamp's shadow,Skylamp's Shadow,19,FortifyAttribute,1,TR_m7_Drurile Vayas
sleep,Sleep,45,DrainFatigue,13,PC_m1_Kuhloga;PC_m1_Olosh;Sky_qRe_KWMG_JiTavarad;Sky_qRe_KWMG_Nistamal;TR_m1_Aeli_Danym;TR_m1_Lloryn_Llaram;TR_m1_Trendil_Vas;TR_m1_Vendil_Tras;TR_m2_Idros Llothri;TR_m3_Drinar_Saven;TR_m3_Naro Marvani;TR_m4_Domesea Norvalo;TR_m7_Tilisu Kelarven
slowfall,Slowfall,45,SlowFall,26,PC_m1_Kuhloga;PC_m1_Lladir;PC_m1_Olosh;Sky_iRe_HA_Aynoc;TR_m1_Athenim_Adri;TR_m1_Culenne Mair;TR_m1_Leobert Velain;TR_m1_Lloryn_Llaram;TR_m2_Fedris_Nelavyn;TR_m3_Aras_Othran;TR_m3_Barns Dorom;TR_m3_Hlanas Arthalen;TR_m3_Hlanas Arthalen2;TR_m3_Mulvise Temaril;TR_m3_Taris_Temeris;TR_m3_Ulyne_Llothas;TR_m3_Valkreia Krex;TR_m4_Domesea Norvalo;TR_m7_Camillia Chora_A;TR_m7_Gilen Malvayn;TR_m7_Indrasi Dovayn;TR_m7_Lysima Venitus;TR_m7_Maria Afrana;TR_m7_Niramindra;TR_m7_Tilisu Kelarven;TR_m7_Vistienna
soothe the savage beast,Soothe the Savage Beast,15,CalmCreature,4,PC_m1_Lladir;PC_m1_Olosh;TR_m4_Milus Marvos;TR_m7_MutuNambabud
sotha's grace,Sotha's Grace,3,Sanctuary,2,TR_m3_Anise Andres;TR_m7_MutuNambabud
sotha's mirror,Sotha's Mirror,25,Reflect,33,TR_m1_Midean;TR_m1_Trendil_Vas;TR_m1_Unram_Budabal;TR_m1_Vendil_Tras;TR_m2_Suron Andromo;TR_m3_Draryn Berathi;TR_m3_Drathyn_Galvith;TR_m3_Hort Serethren;TR_m3_Llaynor Seryon;TR_m3_Medrala Sadus;TR_m3_Naro Marvani;TR_m3_Onusea Reyas;TR_m3_Salms_Andala;TR_m3_Tayna Baren;TR_m3_Urvas Varen;TR_m3_Varvur Parys;TR_m4_Drorayni Omayn;TR_m4_Golvyn_Saryon;TR_m4_Milus Marvos;TR_m4_Ranso Virian;TR_m4_Saylenus Ramaril;TR_m4_Saylenus RamarilD;TR_m7_Belvin Uvalas;TR_m7_Dayna Ilerothi;TR_m7_Erver Drinith;TR_m7_Furen Hlavel;TR_m7_Haladir;TR_m7_Hervil Dolomas;TR_m7_Ovrosa Valen;TR_m7_Traynili Rovel;TR_m7_Tureyvendil;TR_m7_Valara Filansi;TR_m7_Vows-To-The-Soil
soul trap,Soul Trap,6,SoulTrap,20,PC_m1_AnotusMolian;PC_m1_EdwynNiniel;TR_m1_Aeli_Danym;TR_m1_Ainssa;TR_m1_Nilena_Othril;TR_m1_Taldasi_Menguren;TR_m1_Vonak_Limonith;TR_m2_Francine_Kington;TR_m2_Mjara;TR_m3_Cellitara;TR_m3_Dalyne Maryon;TR_m3_Gragus Othrenim;TR_m3_Lorviel;TR_m4_Idesa_Gilvani;TR_m4_Vistilia_Sparilus;TR_m7_Barusi Fareleth;TR_m7_Faldrus Nedalor;TR_m7_Lissinia Bax;TR_m7_Sarus Eloth;TR_m7_Tureyvendil
soulpinch,Soulpinch,4,DamageMagicka,3,TR_m1_Taldasi_Menguren;TR_m3_Valvesu Athones;TR_m4_Vistilia_Sparilus
spark,Spark,7,ShockDamage,2,TR_m3_Burahk gra-Omphub;TR_m3_Tayna Baren
spell absorption,Spell Absorption,25,SpellAbsorption,37,PC_m1_AlsiaJuvanus;PC_m1_AnotusMolian;PC_m1_EdwynNiniel;PC_m1_Eyjar;PC_m1_JarvunCrowSight;PC_m1_MeliaSimerius;PC_m1_NirvalSrethuun;PC_m1_Olosh;Sky_iRe_DSW_Bresiele;Sky_qRe_KWMG4_Havild;TR_m1_Aeli_Danym;TR_m1_Ainssa;TR_m1_Taldasi_Menguren;TR_m1_Trendil_Vas;TR_m1_Vendil_Tras;TR_m2_Calaciren;TR_m2_Domus Terrinus;TR_m2_Drithnil Virith;TR_m2_Suron Andromo;TR_m3_Llaynor Seryon;TR_m3_Salms_Andala;TR_m3_Valkreia Krex;TR_m4_Dulcitius Cullian;TR_m4_Golvyn_Saryon;TR_m4_Idesa_Gilvani;TR_m4_Mannanu Madalvel;TR_m4_Milus Marvos;TR_m4_Saylenus Ramaril;TR_m4_Saylenus RamarilD;TR_m4_Trehaddi;TR_m4_Valrik;TR_m7_Folms Tenim;TR_m7_Haladir;TR_m7_Janevynne Arthell;TR_m7_Kal;TR_m7_Ovrosa Valen;TR_m7_Vows-To-The-Soil
sphere of negation,Sphere of Negation,8,DrainHealth,1,TR_m3_Dalyne Maryon
stamina,Stamina,30,RestoreFatigue,41,PC_m1_AlsiaJuvanus;PC_m1_AndrielNienne;PC_m1_CassandraVerach;PC_m1_MeliaSimerius;PC_m1_O_Durna;Sky_iRe_KW_Dunwora;Sky_iRe_MER_Runeva;TR_m1_Ferin_Gathi;TR_m1_StandsinSun;TR_m1_Zalam Lonas;TR_m2_Calaciren;TR_m2_Cantorius Tramel;TR_m2_Drithnil Virith;TR_m2_Suron Andromo;TR_m3_Anila Bereleth;TR_m3_Arivanya;TR_m3_Farvs Valaro;TR_m3_Felmo Ilveroth;TR_m3_Gilar Verelnim;TR_m3_Kh_Rarunsi Tervth;TR_m3_Llaynor Seryon;TR_m3_Mudera_Berelan;TR_m3_Orelle Faugard;TR_m3_Salms_Andala;TR_m3_Swirly-Tongue;TR_m3_Teldori Malreni;TR_m3_Urvas Varen;TR_m3_Valacca Prontia;TR_m3_Vilrani Redothan;TR_m4_Domesea Norvalo;TR_m4_Dulcitius Cullian;TR_m4_Trehaddi;TR_m7_Aphorva Cnistula;TR_m7_Baley;TR_m7_Dovor Androth;TR_m7_Geod Cardonese;TR_m7_Hilfrid;TR_m7_Kal;TR_m7_Ovrosa Valen;TR_m7_Shairan;TR_m7_Vows-To-The-Soil
stormhand,Stormhand,6,DamageHealth,3,TR_m1_Taldasi_Menguren;TR_m3_Salmyne Rivaal;TR_m7_Azun
strength leech,Strength Leech,30,DrainAttribute,2,PC_m1_LanaDelria;TR_m1_Ladia Tunifus
strong feather,Strong Feather,25,Feather,6,PC_m1_JarvunCrowSight;Sky_qRe_KWMG4_Havild;TR_m2_Domus Terrinus;TR_m3_Anise Andres;TR_m4_Milus Marvos;TR_m7_Tilisu Kelarven
strong fire shield,Strong Fire Shield,54,FireShield,13,PC_m1_EnolaColus;PC_m1_SielleEumand;Sky_iRe_DSE_Selenya;Sky_qRe_DSMG_Eranthos;Sky_qRe_KWMG_JiTavarad;TR_m1_Fusath_Relyan;TR_m1_Gindaman;TR_m3_Barns Dorom;TR_m3_Dalyne Maryon;TR_m4_Ethalvora;TR_m7_Dro'Jaaban;TR_m7_Ralsa Ondusi;TR_m7_Varel Sadryon
strong frost shield,Strong Frost Shield,54,FrostShield,10,PC_m1_EnolaColus;PC_m1_SielleEumand;Sky_iRe_DSE_Selenya;Sky_qRe_DSMG_Eranthos;Sky_qRe_KWMG_JiTavarad;TR_m1_Fusath_Relyan;TR_m1_Gindaman;TR_m4_Ethalvora;TR_m7_Dro'Jaaban;TR_m7_Ralsa Ondusi
strong heal companion,Strong Heal Companion,4,RestoreHealth,3,TR_m3_Anila Bereleth;TR_m3_Felmo Ilveroth;TR_m7_Savi Selendas
strong levitate,Strong Levitate,30,Levitate,33,PC_m1_AlsiaJuvanus;PC_m1_AndrielNienne;PC_m1_CassandraVerach;PC_m1_Eyjar;PC_m1_LanaDelria;PC_m1_MeliaSimerius;PC_m1_O_Durna;Sky_iRe_KW_Dunwora;Sky_iRe_MER_Runeva;Sky_qRe_DSE1_Cypriana;TR_m1_Ainssa;TR_m1_Midean;TR_m1_Nevusa_Lakasyn;TR_m1_Osyn_Redola;TR_m2_Calaciren;TR_m2_Drithnil Virith;TR_m2_Suron Andromo;TR_m3_Arel Ginith;TR_m3_Arivanya;TR_m3_Dridase_Irano;TR_m3_Llaynor Seryon;TR_m3_Medrala Sadus;TR_m3_Mudera_Berelan;TR_m3_Rathyne_Ienith;TR_m3_Salms_Andala;TR_m4_Valrik;TR_m7_Folms Tenim;TR_m7_Haladir;TR_m7_MutuNambabud;TR_m7_Myrvona Arothan;TR_m7_Ovrosa Valen;TR_m7_Vistienna;TR_m7_Vows-To-The-Soil
strong open,Strong Open,15,Open,1,PC_m1_JarvunCrowSight
strong reflect,Strong Reflect,63,Reflect,6,PC_m1_EnolaColus;PC_m1_SielleEumand;TR_m1_Fusath_Relyan;TR_m1_Usmalli_Nefros;TR_m4_Ethalvora;TR_m7_Dro'Jaaban
strong resist fire,Strong Resist Fire,20,ResistFire,9,PC_m1_EmbrilvusNyrondus;PC_m1_JarvunCrowSight;PC_m1_Tirra;Sky_qRe_DSE1_Gurna;Sky_qRe_KW4_Tabica;TR_m2_Domus Terrinus;TR_m7_Aphorva Cnistula;TR_m7_Geod Cardonese;TR_m7_Kal
strong resist frost,Strong Resist Frost,20,ResistFrost,12,PC_m1_CassandraVerach;PC_m1_EmbrilvusNyrondus;PC_m1_JarvunCrowSight;PC_m1_Tirra;Sky_qRe_DSE1_Gurna;Sky_qRe_KW4_Tabica;Sky_qRe_KWMG4_Havild;TR_m2_Domus Terrinus;TR_m7_Aphorva Cnistula;TR_m7_Geod Cardonese;TR_m7_Kal;TR_m7_Ovrosa Valen
strong resist magicka,Strong Resist Magicka,20,ResistMagicka,16,PC_m1_CassandraVerach;PC_m1_EmbrilvusNyrondus;PC_m1_JarvunCrowSight;PC_m1_Tirra;Sky_qRe_DSE1_Gurna;Sky_qRe_KW4_Tabica;Sky_qRe_KWMG4_Havild;TR_m2_Domus Terrinus;TR_m3_Anise Andres;TR_m3_Riluva Sovoras;TR_m3_Teldori Malreni;TR_m4_Dulcitius Cullian;TR_m4_Valrik;TR_m7_Aphorva Cnistula;TR_m7_Kal;TR_m7_Ovrosa Valen
strong resist poison,Strong Resist Poison,20,ResistPoison,16,PC_m1_CassandraVerach;PC_m1_EmbrilvusNyrondus;PC_m1_JarvunCrowSight;PC_m1_Tirra;Sky_qRe_DSE1_Gurna;Sky_qRe_KW4_Tabica;Sky_qRe_KWMG4_Havild;TR_m2_Domus Terrinus;TR_m3_Anise Andres;TR_m3_Riluva Sovoras;TR_m3_Teldori Malreni;TR_m4_Dulcitius Cullian;TR_m7_Aphorva Cnistula;TR_m7_Kal;TR_m7_Ovrosa Valen;TR_m7_Shairan
strong resist shock,Strong Resist Shock,20,ResistShock,10,PC_m1_EmbrilvusNyrondus;PC_m1_JarvunCrowSight;PC_m1_Tirra;Sky_qRe_DSE1_Gurna;Sky_qRe_KW4_Tabica;Sky_qRe_KWMG4_Havild;TR_m2_Domus Terrinus;TR_m7_Aphorva Cnistula;TR_m7_Geod Cardonese;TR_m7_Kal
strong shock shield,Strong Shock Shield,54,LightningShield,12,PC_m1_EnolaColus;PC_m1_SielleEumand;Sky_iRe_DSE_Selenya;Sky_qRe_DSMG_Eranthos;Sky_qRe_KWMG_JiTavarad;TR_m1_Fusath_Relyan;TR_m1_Gindaman;TR_m2_Fedris_Nelavyn;TR_m3_Salmyne Rivaal;TR_m4_Ethalvora;TR_m7_Dro'Jaaban;TR_m7_Ralsa Ondusi
strong spelldrinker,Strong Spelldrinker,63,SpellAbsorption,5,PC_m1_EnolaColus;PC_m1_SielleEumand;TR_m1_Fusath_Relyan;TR_m4_Ethalvora;TR_m7_Dro'Jaaban
stumble,Stumble,4,DamageAttribute,3,TR_m3_Corvus Valentinus;TR_m3_Gilar Verelnim;TR_m7_Sarus Eloth
summon ancestral ghost,Summon Ancestral Ghost,21,SummonGhost,11,TR_m1_Nilena_Othril;TR_m2_Mjara;TR_m3_Garara Hlerothi;TR_m3_Kh_Rarunsi Tervth;TR_m3_Mevil Llerano;TR_m3_Naro Marvani;TR_m3_Orevis Hlan;TR_m7_Barusi Fareleth;TR_m7_Furen Hlavel;TR_m7_Riraynea Omayn;TR_m7_Traynili Rovel
summon bonelord,Summon Bonelord,75,SummonBonelord,5,TR_m3_Gragus Othrenim;TR_m3_Kh_Rarunsi Tervth;TR_m3_Qowenfaare;TR_m7_Furen Hlavel;TR_m7_Riraynea Omayn
summon clanfear,Summon Clannfear,66,SummonClannfear,10,PC_m1_AnotusMolian;PC_m1_EnolaColus;PC_m1_Eyjar;PC_m1_SielleEumand;TR_m1_Fusath_Relyan;TR_m3_Valvesu Athones;TR_m4_Ethalvora;TR_m7_Eno Malvayn;TR_m7_Niramindra;TR_m7_Renixia Vedius
summon daedroth,Summon Daedroth,96,SummonDaedroth,4,TR_m1_Usmalli_Nefros;TR_m3_Salmyne Rivaal;TR_m7_Barusi Fareleth;TR_m7_Waterfall
summon dremora,Summon Dremora,84,SummonDremora,6,TR_m1_Fusath_Relyan;TR_m1_Ultern;TR_m3_Cellitara;TR_m3_Garrick Usald;TR_m3_Salmyne Rivaal;TR_m7_Waterfall
summon flame atronach,Summon Flame Atronach,69,SummonFlameAtronach,6,TR_FM_Simone Megale;TR_m1_Vendil_Tras;TR_m3_Dridase_Irano;TR_m3_Valvesu Athones;TR_m7_Niramindra;TR_m7_Renixia Vedius
summon frost atronach,Summon Frost Atronach,81,SummonFrostAtronach,2,TR_m1_Aeli_Danym;TR_m2_Llerusa Manel
summon golden saint,Summon Golden Saint,165,SummonGoldenSaint,2,TR_m1_Usmalli_Nefros;TR_m7_Waterfall
summon greater bonewalker,Summon Greater Bonewalker,45,SummonGreaterBonewalker,14,TR_m1_Aeli_Danym;TR_m1_Trendil_Vas;TR_m1_Vendil_Tras;TR_m3_Draryn Berathi;TR_m3_Galoro Sevlor;TR_m3_Gragus Othrenim;TR_m3_Qowenfaare;TR_m4_Domesea Norvalo;TR_m7_Barusi Fareleth;TR_m7_Eno Malvayn;TR_m7_Furen Hlavel;TR_m7_Niramindra;TR_m7_Riraynea Omayn;TR_m7_Traynili Rovel
summon hunger,Summon Hunger,87,SummonHunger,11,PC_m1_AnotusMolian;PC_m1_SielleEumand;TR_m1_Fusath_Relyan;TR_m2_Llerusa Manel;TR_m3_Barns Dorom;TR_m3_Cellitara;TR_m3_Orevis Hlan;TR_m7_Azun;TR_m7_Barusi Fareleth;TR_m7_O_Amatarya;TR_m7_Waterfall
summon least bonewalker,Summon Least Bonewalker,39,SummonLeastBonewalker,15,PC_m1_LanaDelria;TR_m1_Nilena_Othril;TR_m1_Vonak_Limonith;TR_m2_Mjara;TR_m3_Dolor Draven;TR_m3_Draryn Berathi;TR_m3_Elmera_Saldro;TR_m3_Farvs Valaro;TR_m3_Naro Marvani;TR_m4_Domesea Norvalo;TR_m7_Barusi Fareleth;TR_m7_Furen Hlavel;TR_m7_Niramindra;TR_m7_Riraynea Omayn;TR_m7_Traynili Rovel
summon scamp,Summon Scamp,36,SummonScamp,17,PC_m1_AnotusMolian;PC_m1_Eyjar;PC_m1_LanaDelria;PC_m1_NirvalSrethuun;TR_m1_Aeli_Danym;TR_m3_Celanya;TR_m3_Dridase_Irano;TR_m3_Elmera_Saldro;TR_m3_Elvilde;TR_m3_Farvs Valaro;TR_m3_Garrick Usald;TR_m7_Azun;TR_m7_Barusi Fareleth;TR_m7_Eno Malvayn;TR_m7_Niramindra;TR_m7_Renixia Vedius;TR_m7_Tureyvendil
summon skeletal minion,Summon Skeletal Minion,39,SummonSkeleton,20,PC_m1_AnotusMolian;PC_m1_Kuhloga;PC_m1_LanaDelria;PC_m1_SielleEumand;TR_m1_Aeli_Danym;TR_m1_Nilena_Othril;TR_m2_Mjara;TR_m3_Dolor Draven;TR_m3_Dridase_Irano;TR_m3_Elvilde;TR_m3_Farvs Valaro;TR_m3_Garara Hlerothi;TR_m3_Gragus Othrenim;TR_m3_Naro Marvani;TR_m4_Domesea Norvalo;TR_m7_Eno Malvayn;TR_m7_Furen Hlavel;TR_m7_Niramindra;TR_m7_Riraynea Omayn;TR_m7_Traynili Rovel
summon storm atronach,Summon Storm Atronach,114,SummonStormAtronach,2,TR_m1_Vendil_Tras;TR_m7_Waterfall
summon winged twilight,Summon Winged Twilight,156,SummonTwilight,5,TR_m1_Fusath_Relyan;TR_m3_Barns Dorom;TR_m3_Orevis Hlan;TR_m7_Sigillah Parate;TR_m7_Waterfall
Swimmer's_Blessing,Swimmer's Blessing,15,SwiftSwim,6,TR_m1_Fusath_Relyan;TR_m2_Fedris_Nelavyn;TR_m3_Lleryn Drora;TR_m3_Salaru Andalen;TR_m3_Varvur Parys;TR_m4_Idesa_Gilvani
T_Com_Alt_Falling1stBarrier,Falling First Barrier,42,Shield,1,TR_m2_Llerusa Manel
T_Com_Alt_Fling,Fling,100,Feather,1,PC_m1_EnolaColus
T_Com_Alt_ForceWall,Force Wall,25,Shield,3,PC_m1_EnolaColus;Sky_qRe_KWMG4_Havild;TR_m7_Drurile Vayas
T_Com_Alt_FuchonGentleDescent,Fuchon Cire's Gentle Descent,20,SlowFall,2,TR_m3_Dridase_Irano;TR_m7_Ralsa Ondusi
T_Com_Alt_Lightness,Waft of Lightness,5,Jump,1,TR_m3_Medrala Sadus
T_Com_Alt_Slowfalling,Slowfalling,9,SlowFall,3,TR_m3_Teldori Malreni;TR_m7_Belvin Uvalas;TR_m7_Dayna Ilerothi
T_Com_Alt_WeightOfGuilt,Weight of Guilt,100,Burden,3,TR_m1_Ultern;TR_m7_Lysima Venitus;TR_m7_Ralsa Ondusi
T_Com_Alt_WizardLock,Wizard Lock,2,Lock,1,PC_m1_EnolaColus
T_Com_Cnj_Assistance,Assistance,100,CommandHumanoid,1,PC_m1_EnolaColus
T_Com_Cnj_BloodSpirit,Blood Spirit,42,SummonGhost,2,Sky_qRe_DSMG_Eranthos;Sky_qRe_KWMG_Nistamal
T_Com_Cnj_BoundGreatsword,Bound Longsword,6,BoundLongsword,10,TR_m3_Garara Hlerothi;TR_m3_Garrick Usald;TR_m3_Lloryno Norom;TR_m3_Valkreia Krex;TR_m7_Azun;TR_m7_Barusi Fareleth;TR_m7_Eno Malvayn;TR_m7_Furen Hlavel;TR_m7_Plutus Ceno;TR_m7_Waterfall
T_Com_Cnj_BoundGreaves,Bound Boots,6,BoundBoots,17,PC_m1_EnolaColus;TR_m1_Aeli_Danym;TR_m1_Gindaman;TR_m2_Cantorius Tramel;TR_m2_Mjara;TR_m3_Cellitara;TR_m3_Felmo Ilveroth;TR_m3_Galoro Sevlor;TR_m3_Garrick Usald;TR_m3_Mevil Llerano;TR_m3_Valvesu Athones;TR_m7_Barusi Fareleth;TR_m7_Maria Afrana;TR_m7_Niramindra;TR_m7_Plutus Ceno;TR_m7_Traynili Rovel;TR_m7_Waterfall
T_Com_Cnj_BoundPauldron,Bound Gauntlets,6,BoundGloves,15,PC_m1_EnolaColus;TR_m1_Gindaman;TR_m1_Vonak_Limonith;TR_m2_Mjara;TR_m3_Elvilde;TR_m3_Felmo Ilveroth;TR_m3_Galoro Sevlor;TR_m3_Valvesu Athones;TR_m7_Barusi Fareleth;TR_m7_Furen Hlavel;TR_m7_Maria Afrana;TR_m7_Plutus Ceno;TR_m7_Tilisu Kelarven;TR_m7_Traynili Rovel;TR_m7_Waterfall
T_Com_Cnj_BoundThrowingKnives,Lesser Bound Dagger,3,BoundDagger,2,PC_m1_AnotusMolian;TR_m3_Burahk gra-Omphub
T_Com_Cnj_BoundWarAxe,Bound Battle Axe,6,BoundBattleAxe,8,PC_m1_EnolaColus;TR_m1_Vonak_Limonith;TR_m2_Fedris_Nelavyn;TR_m3_Elvilde;TR_m7_Barusi Fareleth;TR_m7_Eno Malvayn;TR_m7_Traynili Rovel;TR_m7_Waterfall
T_Com_Cnj_BoundWarhammer,Bound Mace,6,BoundMace,12,PC_m1_EnolaColus;TR_m1_Fusath_Relyan;TR_m3_Farvs Valaro;TR_m3_Felmo Ilveroth;TR_m3_Galoro Sevlor;TR_m3_Valkreia Krex;TR_m4_Valrik;TR_m7_Maria Afrana;TR_m7_Plutus Ceno;TR_m7_Siona;TR_m7_Waterfall;TR_m7_Zhirasha
T_Com_Cnj_CallOfTheBeasts,Call of the Beasts,65,CommandCreature,1,TR_m3_Galoro Sevlor
T_Com_Cnj_DaedricWeapon,Daedric Weapon,12,BoundLongsword,1,PC_m1_EnolaColus
T_Com_Cnj_DeathHowl,Death Howl,39,TurnUndead,3,Sky_qRe_DSMG_Eranthos;Sky_qRe_KWMG_JiTavarad;Sky_qRe_KWMG_Nistamal
T_Com_Cnj_SummonDremoraArcher,Summon Dremora,98,SummonDremora,8,TR_m1_Halan_Macrinus;TR_m2_Relmeria Drados;TR_m3_Garrick Usald;TR_m3_Salmyne Rivaal;TR_m4_Ethalvora;TR_m7_Tureyvendil;TR_m7_Waterfall;TR_m7_Zhirasha
T_Com_Cnj_SummonDremoraCaster,Summon Dremora,93,SummonDremora,8,PC_m1_Kuhloga;TR_m1_Gindaman;TR_m1_Ultern;TR_m1_Vendil_Tras;TR_m2_Llerusa Manel;TR_m2_Ralten Affinia;TR_m7_Waterfall;TR_m7_Zhirasha
T_Com_Cnj_SummonGuardian,Summon Golden Saint,207,SummonGoldenSaint,3,PC_m1_Eyjar;TR_m1_Gindaman;TR_m1_Ultern
T_Com_Cnj_SummonHellHound,Lesser Summon Bonewalker,20,SummonLeastBonewalker,2,TR_m1_Usmalli_Nefros;TR_m7_Niramindra
T_Com_Cnj_SummonHerne,Greater Summon Scamp,54,SummonScamp,7,PC_m1_EnolaColus;TR_m3_Dolor Draven;TR_m3_Elvilde;TR_m3_Farvs Valaro;TR_m3_Garrick Usald;TR_m3_Mevil Llerano;TR_m7_Azun
T_Com_Cnj_SummonLesserClannfear,Lesser Summon Clannfear,57,SummonClannfear,10,PC_m1_LanaDelria;TR_m1_Halan_Macrinus;TR_m1_Nilena_Othril;TR_m2_Llerusa Manel;TR_m2_Ralten Affinia;TR_m3_Cellitara;TR_m3_Dolor Draven;TR_m3_Garara Hlerothi;TR_m3_Mevil Llerano;TR_m7_Niramindra
T_Com_Cnj_SummonMorphoid,Lesser Summon Daedroth,63,SummonDaedroth,9,PC_m1_Eyjar;TR_m1_Fusath_Relyan;TR_m1_Gindaman;TR_m1_O_Fevyn Verethi;TR_m2_Llerusa Manel;TR_m3_Dolor Draven;TR_m3_Dridase_Irano;TR_m3_Qowenfaare;TR_m7_Azun
T_Com_Cnj_SummonNocturnal,Summon Golden Saint,177,SummonGoldenSaint,1,TR_m1_Aeli_Danym
T_Com_Cnj_SummonOgrim,Greater Summon Clannfear,99,SummonClannfear,5,TR_m1_Aeli_Danym;TR_m3_Valkreia Krex;TR_m4_Ethalvora;TR_m7_Waterfall;TR_m7_Zhirasha
T_Com_Cnj_SummonSeducer,Summon Winged Twilight,156,SummonTwilight,6,TR_m1_Ultern;TR_m1_Vendil_Tras;TR_m3_Valkreia Krex;TR_m4_Ethalvora;TR_m7_Sigillah Parate;TR_m7_Waterfall
T_Com_Cnj_SummonSeducerDark,Summon Winged Twilight,225,SummonTwilight,3,TR_m1_Gindaman;TR_m1_Usmalli_Nefros;TR_m7_Sigillah Parate
T_Com_Cnj_SummonSkeletonChamp,Greater Summon Skeleton,96,SummonSkeleton,7,PC_m1_Kuhloga;TR_m3_Gragus Othrenim;TR_m3_Kh_Rarunsi Tervth;TR_m7_Furen Hlavel;TR_m7_Riraynea Omayn;TR_m7_Traynili Rovel;TR_m7_Zhirasha
T_Com_Cnj_SummonSpiderDaedra,Greater Summon Daedroth,126,SummonDaedroth,3,TR_m1_Usmalli_Nefros;TR_m3_Barns Dorom;TR_m3_Orevis Hlan
T_Com_Cnj_SummonStormMonarch,Greater Summon Storm Atronach,180,SummonStormAtronach,1,TR_m7_Sigillah Parate
T_Com_Cnj_SummonVermai,Greater Summon Scamp,88,SummonScamp,7,TR_m1_Aeli_Danym;TR_m1_Halan_Macrinus;TR_m2_Ralten Affinia;TR_m2_Relmeria Drados;TR_m3_Cellitara;TR_m3_Qowenfaare;TR_m4_Ethalvora
T_Com_Des_CauseDisease,Cause Disease,70,WeaknessToCommonDisease,1,TR_m3_Gilar Verelnim
T_Com_Des_IceBolt,Ice Bolt,34,FrostDamage,1,Sky_qRe_KWMG_Nistamal
T_Com_Des_IceStorm,Ice Storm,33,FrostDamage,1,Sky_qRe_KWMG_Nistamal
T_Com_Des_IgniteFoe,Ignite Foe,68,FireDamage,1,TR_m3_Renesa Serin
T_Com_Des_Lightning,Lightning,34,ShockDamage,3,Sky_qRe_KWMG_JiTavarad;Sky_qRe_KWMG_Nistamal;TR_m3_Dridase_Irano
T_Com_Des_Magefire,Thimble of Magefire,6,DamageMagicka,1,PC_m1_EnolaColus
T_Com_Des_MaidRime,Maid of Rime,13,FrostDamage,1,PC_m1_EnolaColus
T_Com_Des_Revelations,Din of Revelations,145,DamageHealth,1,PC_m1_EnolaColus
T_Com_Des_SphereWeakness,Sphere of Weakness,9,DamageAttribute,1,TR_m3_Qowenfaare
T_Com_Des_Wildfire,Wildfire,15,FireDamage,1,PC_m1_EnolaColus
T_Com_Des_WindsStorm,Winds of Storm,28,ShockDamage,1,PC_m1_EnolaColus
T_Com_Ilu_AlluringSpeech,Alluring Speech,80,Charm,3,TR_m3_Mevil Llerano;TR_m3_Renaso Gals;TR_m7_MutuNambabud
T_Com_Ilu_AzurasLight,Azura's Light,10,Light,2,TR_m3_Mevil Llerano;TR_m3_Renaso Gals
T_Com_Ilu_Blindfold,Blindfold,60,Blind,4,TR_m3_Arvs_Sarvayn;TR_m3_Dalyne Maryon;TR_m3_Dravayn Tarethren;TR_m7_Dayna Ilerothi
T_Com_Ilu_Confusion,Confusion,24,RallyCreature,1,TR_m7_Ondru Halethran
T_Com_Ilu_DaedraHuntersEye,Hunter's Eye,20,NightEye,1,PC_m1_EnolaColus
T_Com_Ilu_DistractCreature,Lesser Chameleon,11,Chameleon,4,TR_m3_Arvs_Sarvayn;TR_m3_Elmera_Saldro;TR_m3_Valacca Prontia;TR_m7_Nolidrando
T_Com_Ilu_DistractHumanoid,Chameleon,22,Chameleon,10,TR_m3_Arvs_Sarvayn;TR_m3_Burahk gra-Omphub;TR_m3_Mulvise Temaril;TR_m3_Qowenfaare;TR_m3_Renaso Gals;TR_m3_Valacca Prontia;TR_m4_Mannanu Madalvel;TR_m7_Dayna Ilerothi;TR_m7_Faldrus Nedalor;TR_m7_Nolidrando
T_Com_Ilu_Ethereal,Lesser Invisibility,15,Invisibility,2,TR_m1_Usmalli_Nefros;TR_m3_Renaso Gals
T_Com_Ilu_Etherealness,Etherealness,50,Sanctuary,4,Sky_qRe_DSMG_Eranthos;Sky_qRe_KWMG_JiTavarad;TR_m4_Mannanu Madalvel;TR_m7_Nolidrando
T_Com_Ilu_Fear,Fear,18,DemoralizeCreature,1,TR_m3_Mevil Llerano
T_Com_Ilu_LivingStatue,Living Statue,30,Paralyze,1,TR_m7_Nolidrando
T_Com_Ilu_MonstrousVision,Monstrous Vision,20,DemoralizeCreature,1,TR_m3_Elmera_Saldro
T_Com_Ilu_OnTheMove,On the Move,20,DemoralizeHumanoid,1,TR_m7_Ondru Halethran
T_Com_Ilu_OrcsEye,Orc's Eye,8,NightEye,1,TR_m3_Burahk gra-Omphub
T_Com_Ilu_Paralysis,Paralysis,6,Paralyze,1,PC_m1_EnolaColus
T_Com_Ilu_SereneNature,Serene Nature,10,CalmCreature,1,TR_m4_Metendiel
T_Com_Ilu_Skein,Skein of Convulsion,75,DemoralizeCreature,1,TR_m7_Nolidrando
T_Com_Ilu_Steadfast,Steadfast,8,RallyHumanoid,1,TR_m3_Arvs_Sarvayn
T_Com_Mys_BanishDaedra,Greater Dispel Magic,64,Dispel,23,PC_m1_EnolaColus;PC_m1_JarvunCrowSight;PC_m1_Lladir;TR_m1_Athenim_Adri;TR_m1_Ladia Tunifus;TR_m2_Cantorius Tramel;TR_m3_Adasi Furon;TR_m3_Felmo Ilveroth;TR_m3_Illene_Edryn;TR_m3_ManielSylbenitte;TR_m3_Mirveles Omaleran;TR_m3_Onusea Reyas;TR_m3_Ranis Andren;TR_m3_Ulyne_Llothas;TR_m3_Urvas Varen;TR_m4_Masu Hainnabibi;TR_m7_Camillia Chora_A;TR_m7_Lissinia Bax;TR_m7_Plutus Ceno;TR_m7_Sigillah Parate;TR_m7_Siona;TR_m7_Waterfall;TR_m7_Zhirasha
T_Com_Mys_Blink,Greater Telekinesis,25,Telekinesis,18,TR_m1_Ladia Tunifus;TR_m1_Midean;TR_m2_Cantorius Tramel;TR_m3_Dalyne Maryon;TR_m3_Dravayn Tarethren;TR_m3_Elvilde;TR_m3_Garara Hlerothi;TR_m3_Medrala Sadus;TR_m3_Mulvise Temaril;TR_m3_Orevis Hlan;TR_m3_Renaso Gals;TR_m3_Varvur Parys;TR_m4_Mannanu Madalvel;TR_m7_Lissinia Bax;TR_m7_Nelmyne Gavos;TR_m7_Ondru Halethran;TR_m7_Sigillah Parate;TR_m7_Traynili Rovel
T_Com_Mys_BloodMagic,Greater Telekinesis,13,Telekinesis,2,TR_m1_Taldasi_Menguren;TR_m1_Ultern
T_Com_Mys_DetectEnemy,Greater Detect Enchantment,57,DetectEnchantment,5,TR_m3_Adasi Furon;TR_m3_Beldren Irano;TR_m3_Cellitara;TR_m3_Dravayn Tarethren;TR_m3_Illene_Edryn
T_Com_Mys_DetectHumanoid,Greater Detect Creature,38,DetectAnimal,25,TR_m1_Aeli_Danym;TR_m1_Ferin_Gathi;TR_m1_Ladia Tunifus;TR_m1_Unram_Budabal;TR_m2_Calaciren;TR_m2_Feduran_Tharen;TR_m3_Burahk gra-Omphub;TR_m3_Dalyne Maryon;TR_m3_Dravayn Tarethren;TR_m3_ManielSylbenitte;TR_m3_Medrala Sadus;TR_m3_Mudera_Berelan;TR_m3_Orevis Hlan;TR_m3_Tirasie Nervion;TR_m3_Valacca Prontia;TR_m4_Drorayni Omayn;TR_m4_Idesa_Gilvani;TR_m4_Trehaddi;TR_m7_Camillia Chora_A;TR_m7_Dirisa Sendu;TR_m7_Dovor Androth;TR_m7_Gilen Malvayn;TR_m7_Lissinia Bax;TR_m7_Siona;TR_m7_Zhirasha
T_Com_Mys_DetectInvisibility,Greater Detect Key,76,DetectKey,21,TR_m1_Ferin_Gathi;TR_m1_Unram_Budabal;TR_m2_Cantorius Tramel;TR_m2_Feduran_Tharen;TR_m3_Burahk gra-Omphub;TR_m3_Dravayn Tarethren;TR_m3_Farvs Valaro;TR_m3_Hlanas Arthalen;TR_m3_Hlanas Arthalen2;TR_m4_Mannanu Madalvel;TR_m4_Meryn Sarano;TR_m7_Dovor Androth;TR_m7_Erver Drinith;TR_m7_Faldrus Nedalor;TR_m7_Furen Hlavel;TR_m7_Gilen Malvayn;TR_m7_Lissinia Bax;TR_m7_Nelmyne Gavos;TR_m7_Sigillah Parate;TR_m7_Siona;TR_m7_Valara Filansi
T_Com_Mys_DetectValuables,Greater Detect Enchantment,60,DetectEnchantment,1,TR_m3_Renaso Gals
T_Com_Mys_DispelMagic,Dispel Magic,13,Dispel,2,PC_m1_Olosh;TR_FM_Naureen
T_Com_Mys_Insight,Greater Detect Enchantment,75,DetectEnchantment,22,PC_m1_AnotusMolian;PC_m1_Kuhloga;TR_m1_Aeli_Danym;TR_m1_Ainssa;TR_m1_Athenim_Adri;TR_m1_Ladia Tunifus;TR_m1_Olanasa_Wenil;TR_m3_Barns Dorom;TR_m3_Mudera_Berelan;TR_m3_Onusea Reyas;TR_m3_Vilrani Redothan;TR_m4_Drorayni Omayn;TR_m4_Idesa_Gilvani;TR_m7_Dovor Androth;TR_m7_Drurile Vayas;TR_m7_Lissinia Bax;TR_m7_Maria Afrana;TR_m7_Nelmyne Gavos;TR_m7_Ondru Halethran;TR_m7_Plutus Ceno;TR_m7_Sigillah Parate;TR_m7_Siona
T_Com_Mys_Lifesteal,Lifesteal,24,AbsorbHealth,17,Sky_qRe_KWMG4_Havild;TR_m1_Olanasa_Wenil;TR_m2_Cantorius Tramel;TR_m2_Feduran_Tharen;TR_m3_Dalyne Maryon;TR_m3_Draryn Berathi;TR_m3_Dravayn Tarethren;TR_m3_Gragus Othrenim;TR_m3_Salmyne Rivaal;TR_m4_Mannanu Madalvel;TR_m7_Furen Hlavel;TR_m7_Lissinia Bax;TR_m7_Ondru Halethran;TR_m7_Plutus Ceno;TR_m7_Renixia Vedius;TR_m7_Riraynea Omayn;TR_m7_Sigillah Parate
T_Com_Mys_ReflectDamage,Minor Reflect,76,Reflect,17,PC_m1_EdwynNiniel;TR_m1_Taldasi_Menguren;TR_m1_Usmalli_Nefros;TR_m1_Vendil_Tras;TR_m2_Francine_Kington;TR_m3_Barns Dorom;TR_m3_Dalyne Maryon;TR_m3_Felmo Ilveroth;TR_m3_Onusea Reyas;TR_m3_Ranis Andren;TR_m4_Ethalvora;TR_m4_Trehaddi;TR_m7_Belvin Uvalas;TR_m7_Furen Hlavel;TR_m7_Lissinia Bax;TR_m7_Maria Afrana;TR_m7_Sigillah Parate
T_Com_Mys_RemoveEnchantment,Remove Enchantment,25,Dispel,3,Sky_qRe_KWMG4_Havild;TR_m7_Barusi Fareleth;TR_m7_Lissinia Bax
T_Com_Mys_SpellAbsorption,Spell Absorption,25,SpellAbsorption,2,Sky_qRe_KWMG4_Havild;TR_m3_Elmera_Saldro
T_Com_Mys_SpellReflection,Spell Reflection,25,Reflect,1,Sky_qRe_KWMG4_Havild
T_Com_Mys_Tag,Tag,65,AbsorbFatigue,1,TR_m3_Adasi Furon
T_Com_Res_ArmorResartus,Greater Heal,90,RestoreHealth,19,TR_m1_Olanasa_Wenil;TR_m2_Thelasa Reram;TR_m3_Andril Selothi;TR_m3_Beldren Irano;TR_m3_Draryn Berathi;TR_m3_Fedas Thalothen;TR_m3_Felmo Ilveroth;TR_m3_Hlanas Arthalen;TR_m3_Hlanas Arthalen2;TR_m3_Mirveles Omaleran;TR_m3_Ulyne_Llothas;TR_m4_Drorayni Omayn;TR_m4_Trehaddi;TR_m7_Dyros;TR_m7_Hervil Dolomas;TR_m7_Maria Afrana;TR_m7_Valara Filansi;TR_m7_Varel Sadryon;TR_m7_Zhirasha
T_Com_Res_AzraSustenance,Azra's Sustenance,23,RestoreHealth,1,Sky_qRe_KWMG4_Havild
T_Com_Res_BloodBeat,Blood Beat,20,FortifyAttackBonus,1,Sky_qRe_NAR_Yarok
T_Com_Res_Haste,Haste,30,FortifyAttribute,3,TR_m3_Ginur Thelvil;TR_m7_Barusi Fareleth;TR_m7_Zhirasha
T_Com_Res_HealTrue,Heal True,47,RestoreHealth,14,Sky_qRe_DSMG_Eranthos;Sky_qRe_KWMG_JiTavarad;TR_m1_Midean;TR_m3_Felmo Ilveroth;TR_m3_Mirveles Omaleran;TR_m3_Ranis Andren;TR_m3_Taris_Temeris;TR_m7_Dovor Androth;TR_m7_Drurile Vayas;TR_m7_Furen Hlavel;TR_m7_Maria Afrana;TR_m7_Plutus Ceno;TR_m7_Varel Sadryon;TR_m7_Zhirasha
T_Com_Res_HealWound,Heal Wound,3,RestoreHealth,2,TR_m1_Midean;TR_m3_Salaru Andalen
T_Com_Res_Purify,Purify,50,RestoreHealth,10,Sky_qRe_DSMG_Eranthos;Sky_qRe_KWMG_JiTavarad;TR_m3_Barns Dorom;TR_m3_Mirveles Omaleran;TR_m3_Taris_Temeris;TR_m7_Hervil Dolomas;TR_m7_Maria Afrana;TR_m7_Ondru Halethran;TR_m7_Valara Filansi;TR_m7_Varel Sadryon
T_Com_Res_Rejuvenator,Jucilian's Rejuvenator,25,RestoreHealth,1,TR_m3_Ginur Thelvil
T_Com_Res_WeaponResartus,Greater Stamina,90,RestoreFatigue,17,TR_m1_Nevusa_Lakasyn;TR_m1_Olanasa_Wenil;TR_m3_Andril Selothi;TR_m3_Draryn Berathi;TR_m3_Farvs Valaro;TR_m3_Felmo Ilveroth;TR_m3_Gilar Verelnim;TR_m3_Hlanas Arthalen;TR_m3_Hlanas Arthalen2;TR_m4_Drorayni Omayn;TR_m4_Trehaddi;TR_m7_Dovor Androth;TR_m7_Dyros;TR_m7_Hervil Dolomas;TR_m7_Maria Afrana;TR_m7_Varel Sadryon;TR_m7_Zhirasha
T_Cr_Des_SkyrenderPoison,Poison Sting,15,Poison,1,TR_m7_MutuNambabud
T_Cyr_Cnj_SummonBarrowguard,Lesser Summon Skeleton,33,SummonSkeleton,1,PC_m1_LanaDelria
T_Cyr_Cnj_SummonGhost,Summon Ancestral Ghost,21,SummonGhost,2,PC_m1_AndrielNienne;TR_m7_Plutus Ceno
T_Cyr_Cnj_SummonWraith,Greater Summon Ancestral Ghost,147,SummonGhost,1,TR_m7_Plutus Ceno
T_De_Cnj_SummonGreaterBonelord,Greater Summon Bonelord,160,SummonBonelord,4,TR_m3_Barns Dorom;TR_m3_Draryn Berathi;TR_m3_Gragus Othrenim;TR_m3_Kh_Rarunsi Tervth
T_De_Des_IndGuardJudgement,Judgement Ordained,45,FireDamage,1,TR_m3_Valvesu Athones
T_De_Des_IndGuardMothersIre,Mother's Ire,45,DamageHealth,1,TR_m3_Gilar Verelnim
T_De_Des_SphereWeakness,Felms' Punishment,9,DamageAttribute,2,TR_m3_Mirveles Omaleran;TR_m3_Orevis Hlan
T_De_Res_RestoreConstitution,Restore Constitution,5,RestoreSkill,3,TR_m1_Lloryn_Llaram;TR_m1_Nilena_Othril;TR_m2_Francine_Kington
T_De_Res_RestoreFinesse,Restore Finesse,10,RestoreSkill,3,TR_m1_Lloryn_Llaram;TR_m1_Nilena_Othril;TR_m2_Francine_Kington
T_De_Res_RestoreFortitude,Restore Fortitude,10,RestoreSkill,3,TR_m1_Lloryn_Llaram;TR_m1_Nilena_Othril;TR_m2_Francine_Kington
T_De_Res_RestoreSorcery,Restore Sorcery,10,RestoreSkill,3,TR_m1_Lloryn_Llaram;TR_m1_Nilena_Othril;TR_m2_Francine_Kington
T_Imp_Alt_UlmsJuicedawsFeather,Zenithar's Arms,25,Feather,2,PC_m1_AnotusMolian;PC_m1_JarvunCrowSight
T_Imp_Alt_VivecsKiss,St. Cirrha's Song,15,WaterBreathing,1,PC_m1_Lladir
T_Imp_Mys_VivecsFeast,St. Horuscia's Alms,25,SpellAbsorption,2,PC_m1_AnotusMolian;PC_m1_CassandraVerach
T_Imp_Res_RestStMerris,Breath of Morihaus,6,RestoreFatigue,1,PC_m1_SalvanusLathus
T_Imp_Res_RilmsCure,Mara's Hand,15,CureCommonDisease,1,PC_m1_Tirra
T_Imp_Res_SerynsBlessing,Pilgrimage of St. Rosunius,20,ResistCommonDisease,1,PC_m1_Tirra
T_Imp_Res_SothasMirror,St. Naharine's Shield,25,Reflect,3,PC_m1_AnotusMolian;PC_m1_CassandraVerach;PC_m1_JarvunCrowSight
T_Imp_Res_VelothsGift,Dibella's Eye,3,RestoreHealth,1,PC_m1_Kuhloga
T_Nor_Alt_UlmsJuicedawsFeather,Thelen Kaarn's Feather,25,Feather,1,Sky_qRe_KWMG4_Havild
T_Nor_Des_MountainWind,Mountain Wind,38,FrostDamage,2,Sky_qRe_NAR_Yarok;TR_m3_Sodeen
T_Nor_Mys_ExtendedArm,Jogvir's Extended Arm,20,Telekinesis,2,TR_m3_q_Ernandre_MG;TR_m3_q_Ernandre_Nermin
T_Nor_Mys_SothasMirror,Jhunal's Intercession,25,Reflect,2,Sky_iRe_DSW_Bresiele;Sky_qRe_KWMG4_Havild
T_Nor_Mys_VivecsFeast,Alduin's Maw,25,SpellAbsorption,2,Sky_iRe_DSW_Bresiele;Sky_qRe_KWMG4_Havild
T_Nor_Res_SerynsBlessing,Dibella's Whisper,20,ResistCommonDisease,1,Sky_qRe_DSE1_Gurna
T_Rea_Des_IronEater,Iron Eater,12,DisintegrateWeapon,1,Sky_qRe_NAR_Yarok
T_Rea_Des_MeatRot,Meat Rot,11,DamageHealth,1,Sky_qRe_NAR_Yarok
T_Rea_Des_ShadowRust,Shadow Rust,30,DisintegrateArmor,1,Sky_qRe_NAR_Yarok
T_Rga_Res_SerynsBlessing,Four Hands of Morwha,20,ResistCommonDisease,1,Sky_qRe_KW4_Tabica
telekinesis,Telekinesis,6,Telekinesis,32,PC_m1_Lladir;PC_m1_Olosh;PC_m1_SielleEumand;TR_m1_Ainssa;TR_m1_Midean;TR_m1_Vonak_Limonith;TR_m1_Zalam Lonas;TR_m2_Cantorius Tramel;TR_m2_Fedris_Nelavyn;TR_m2_Francine_Kington;TR_m3_Ambrosia Hegetor;TR_m3_Burahk gra-Omphub;TR_m3_Dravayn Tarethren;TR_m3_Farvs Valaro;TR_m3_Garrick Usald;TR_m3_Hort Serethren;TR_m3_ManielSylbenitte;TR_m3_Renaso Gals;TR_m3_Tayna Baren;TR_m3_Ulyne_Llothas;TR_m3_Valacca Prontia;TR_m4_Domesea Norvalo;TR_m4_Drorayni Omayn;TR_m4_Metendiel;TR_m7_Dayna Ilerothi;TR_m7_Drurile Vayas;TR_m7_Faldrus Nedalor;TR_m7_Folms Tenim;TR_m7_Gilen Malvayn;TR_m7_Lissinia Bax;TR_m7_Sarus Eloth;TR_m7_Tilisu Kelarven
temptation,Temptation,28,DrainAttribute,2,TR_m1_Ladia Tunifus;TR_m3_Orevis Hlan
tevral's hawkshaw,Tevral's Hawkshaw,5,DetectKey,2,TR_m3_Mulvise Temaril;TR_m4_Metendiel
third barrier,Third Barrier,90,Shield,20,Sky_qRe_NAR_Yarok;TR_m1_Ladia Tunifus;TR_m2_Calaciren;TR_m2_Ralten Affinia;TR_m2_Vaden_Nerath;TR_m3_Corvus Valentinus;TR_m3_Dalyne Maryon;TR_m3_Dridase_Irano;TR_m3_Ranis Andren;TR_m3_Ulyne_Llothas;TR_m3_Valvesu Athones;TR_m4_Mannanu Madalvel;TR_m4_Trehaddi;TR_m4_Vistilia_Sparilus;TR_m7_Camillia Chora_A;TR_m7_Gilen Malvayn;TR_m7_Lysima Venitus;TR_m7_Tilisu Kelarven;TR_m7_Vistienna;TR_m7_Zhirasha
tinur's hoptoad,Tinur's Hoptoad,30,Jump,49,PC_m1_AlsiaJuvanus;PC_m1_AndrielNienne;PC_m1_CassandraVerach;PC_m1_EdwynNiniel;PC_m1_EnolaColus;PC_m1_Eyjar;PC_m1_MeliaSimerius;PC_m1_O_Durna;Sky_iRe_DSW_Bresiele;Sky_iRe_KW_Dunwora;Sky_iRe_MER_Runeva;Sky_qRe_DSE1_Cypriana;TR_m1_Ferin_Gathi;TR_m1_Midean;TR_m1_Nevusa_Lakasyn;TR_m1_Osyn_Redola;TR_m2_Calaciren;TR_m2_Drithnil Virith;TR_m2_Fedris_Nelavyn;TR_m2_Suron Andromo;TR_m3_Aras_Othran;TR_m3_Arel Ginith;TR_m3_Burahk gra-Omphub;TR_m3_Hlanas Arthalen;TR_m3_Hlanas Arthalen2;TR_m3_Kh_Rarunsi Tervth;TR_m3_Llaynor Seryon;TR_m3_Mudera_Berelan;TR_m3_Onusea Reyas;TR_m3_Orevis Hlan;TR_m3_Rathyne_Ienith;TR_m3_Salms_Andala;TR_m3_Ulyne_Llothas;TR_m3_Valacca Prontia;TR_m4_Mannanu Madalvel;TR_m4_Metendiel;TR_m4_Valrik;TR_m7_Belvin Uvalas;TR_m7_Ernest Cergelle;TR_m7_Ernest Cergelle_T;TR_m7_Gilen Malvayn;TR_m7_Haladir;TR_m7_MutuNambabud;TR_m7_Myrvona Arothan;TR_m7_Niramindra;TR_m7_Ovrosa Valen;TR_m7_Ralsa Ondusi;TR_m7_Vistienna;TR_m7_Vows-To-The-Soil
torpor,Torpor,28,DrainAttribute,2,TR_m3_Dolor Draven;TR_m3_Hort Serethren
touch dispel,Touch Dispel,1,Dispel,2,PC_m1_Olosh;PC_m1_SielleEumand
TR_m1_q_MG4Dispel,Dispel Other,13,Dispel,1,TR_m1_Ainssa
TR_m3_ArvsWeaken,Arvs' Confounding,60,Sound,1,TR_m3_Arvs_Sarvayn
TR_m3_DravaynChameleon,Dravayn's Obscured Visage,80,Chameleon,1,TR_m3_Dravayn Tarethren
TR_m3_DravaynParalyze,Halt,60,Paralyze,1,TR_m3_Dravayn Tarethren
TR_m3_RenasoGalsLight,Dazzling Flourish,62,Paralyze,1,TR_m3_Renaso Gals
TR_m3_RenesaFire,Renesa's Hindering Flames,73,FireDamage,1,TR_m3_Renesa Serin
TR_m3_ReveaTelamSpell,Thunderclap,63,ShockDamage,1,TR_m3_Revea_Telam
TR_m7_AI_Savi_Swim,Savi's Swift-Stroke,50,SwiftSwim,1,TR_m7_Savi Selendas
TR_m7_AmataryaAbsorb,Amatarya's Repurposing,66,AbsorbHealth,1,TR_m7_O_Amatarya
TR_m7_FreedomMovement,Freedom of Movement,20,ResistParalysis,1,TR_m7_Dovor Androth
TR_m7_IndrasiFire,Flameblast,56,FireDamage,1,TR_m7_Indrasi Dovayn
TR_m7_IndrasiFrost,Freezing Gale,46,FrostDamage,1,TR_m7_Indrasi Dovayn
TR_m7_IndrasiShock,Conduction,48,ShockDamage,1,TR_m7_Indrasi Dovayn
TR_m7_Intercession,Intercession,100,ResistMagicka,1,TR_m7_Dovor Androth
TR_m7_Prestidigitation,Prestidigitation,45,FortifyAttribute,1,TR_m7_Dovor Androth
TR_m7_RirayneaTurn,Scatter the Dead,21,TurnUndead,1,TR_m7_Riraynea Omayn
TR_m7_SigillahShock,Sigillah's Mind Blast,70,ShockDamage,1,TR_m7_Sigillah Parate
tranasa's spelltrap,Tranasa's Spelltrap,125,SpellAbsorption,5,TR_m2_Idros Llothri;TR_m3_Barns Dorom;TR_m3_Felmo Ilveroth;TR_m7_Lissinia Bax;TR_m7_Zhirasha
Troll Strength,Troll Strength,30,FortifyAttribute,11,TR_m1_Nilena_Othril;TR_m2_Berethen Olameth;TR_m2_Calaciren;TR_m2_Ilmeni Benamamat;TR_m3_Andril Selothi;TR_m3_Draryn Berathi;TR_m3_Fedas Thalothen;TR_m3_Lloryno Norom;TR_m4_Ranso Virian;TR_m4_Valrik;TR_m7_Aphorva Cnistula
turn of the wheel,Turn of the Wheel,19,FortifyAttribute,5,TR_m1_Nilena_Othril;TR_m2_Berethen Olameth;TR_m3_Andril Selothi;TR_m3_Aras_Othran;TR_m4_Ranso Virian
turn undead,Turn Undead,5,TurnUndead,7,TR_FM_Naureen;TR_m3_Arel Ginith;TR_m4_Ranso Virian;TR_m7_Maria Afrana;TR_m7_Siona;TR_m7_Valara Filansi;TR_m7_Zhirasha
ulms juicedaw's feather,Ulms's Juicedaw's Feather,25,Feather,12,TR_m1_Ainssa;TR_m1_Olanasa_Wenil;TR_m1_Vonak_Limonith;TR_m2_Idros Llothri;TR_m3_Arel Ginith;TR_m3_Beldren Irano;TR_m3_Medrala Sadus;TR_m3_Riluva Sovoras;TR_m3_Ulyne_Llothas;TR_m3_Valacca Prontia;TR_m4_Milus Marvos;TR_m4_Ranso Virian
variable resist common disease,Variable Resist Common Disease,16,ResistCommonDisease,5,PC_m1_Lladir;PC_m1_Tirra;TR_m3_Ambrosia Hegetor;TR_m4_Golvyn_Saryon;TR_m4_Meryn Sarano
variable resist fire,Variable Resist Fire,16,ResistFire,7,PC_m1_Lladir;PC_m1_Tirra;TR_m3_Drathyn_Galvith;TR_m3_Illene_Edryn;TR_m3_Tayna Baren;TR_m4_Golvyn_Saryon;TR_m7_Hilfrid
variable resist frost,Variable Resist Frost,16,ResistFrost,8,PC_m1_Lladir;PC_m1_Tirra;Sky_qRe_DSE1_Gurna;Sky_qRe_KW4_Tabica;TR_m3_Drathyn_Galvith;TR_m3_Tayna Baren;TR_m4_Golvyn_Saryon;TR_m7_Hilfrid
variable resist magicka,Variable Resist Magicka,16,ResistMagicka,10,PC_m1_Lladir;PC_m1_Tirra;Sky_qRe_DSE1_Gurna;Sky_qRe_KW4_Tabica;TR_m3_Illene_Edryn;TR_m3_Medrala Sadus;TR_m4_Golvyn_Saryon;TR_m4_Meryn Sarano;TR_m7_Belvin Uvalas;TR_m7_Hilfrid
variable resist poison,Variable Resist Poison,16,ResistPoison,9,PC_m1_Lladir;PC_m1_Tirra;Sky_qRe_DSE1_Gurna;Sky_qRe_KW4_Tabica;TR_m3_Ambrosia Hegetor;TR_m3_Illene_Edryn;TR_m4_Golvyn_Saryon;TR_m4_Meryn Sarano;TR_m7_Hilfrid
variable resist shock,Variable Resist Shock,16,ResistShock,6,PC_m1_Lladir;PC_m1_Tirra;TR_m3_Drathyn_Galvith;TR_m3_Tayna Baren;TR_m4_Golvyn_Saryon;TR_m7_Hilfrid
veloth's benison,Veloth's Benison,3,RestoreHealth,7,TR_m1_Athenim_Adri;TR_m2_Berethen Olameth;TR_m2_Ilmeni Benamamat;TR_m3_Anila Bereleth;TR_m3_Endra Ilvuthi;TR_m7_Belvin Uvalas;TR_m7_Savi Selendas
veloth's gift,Veloth's Gift,3,RestoreHealth,8,TR_m1_Athenim_Adri;TR_m2_Berethen Olameth;TR_m2_Vaden_Nerath;TR_m3_Endra Ilvuthi;TR_m3_Ranis Andren;TR_m3_Urvas Varen;TR_m7_Dirisa Sendu;TR_m7_Varel Sadryon
veloth's grace,Veloth's Grace,5,RestoreHealth,15,TR_m1_Athenim_Adri;TR_m2_Berethen Olameth;TR_m2_Vaden_Nerath;TR_m3_Elmera_Saldro;TR_m3_Endra Ilvuthi;TR_m3_Illene_Edryn;TR_m3_Ranis Andren;TR_m3_Tayna Baren;TR_m3_Tirasie Nervion;TR_m3_Varvur Parys;TR_m3_Vilrani Redothan;TR_m7_Dirisa Sendu;TR_m7_Shairan;TR_m7_Valara Filansi;TR_m7_Varel Sadryon
vigor,Vigor,9,FortifyFatigue,23,PC_m1_DeliusAppillius;PC_m1_Kuhloga;PC_m1_LetrisCacia;PC_m1_SalvanusLathus;PC_m1_WearaGaldan;TR_m1_Nilena_Othril;TR_m1_Protio Calvisus;TR_m2_Calaciren;TR_m2_Ilmeni Benamamat;TR_m2_Thelasa Reram;TR_m3_Adasi Furon;TR_m3_Draryn Berathi;TR_m3_Endra Ilvuthi;TR_m3_Gilar Verelnim;TR_m3_Lleryn Drora;TR_m3_Salaru Andalen;TR_m3_Varvur Parys;TR_m4_Drorayni Omayn;TR_m7_Aphorva Cnistula;TR_m7_Belvin Uvalas;TR_m7_Hilfrid;TR_m7_Siona;TR_m7_Varel Sadryon
viper,Viper,2,Poison,1,TR_m7_Renixia Vedius
viperbite,Viperbite,7,Poison,3,TR_m3_Qowenfaare;TR_m7_Camillia Chora_A;TR_m7_Renixia Vedius
viperbolt,Viperbolt,44,Poison,14,PC_m1_EdwynNiniel;PC_m1_LanaDelria;TR_m1_Gindaman;TR_m1_Ladia Tunifus;TR_m1_Lloryn_Llaram;TR_m3_Aras_Othran;TR_m4_Domesea Norvalo;TR_m7_Dovor Androth;TR_m7_Dyros;TR_m7_Faldrus Nedalor;TR_m7_MutuNambabud;TR_m7_Nelmyne Gavos;TR_m7_Renixia Vedius;TR_m7_Tureyvendil
vitality,Vitality,19,FortifyHealth,25,PC_m1_JarvunCrowSight;PC_m1_Kuhloga;PC_m1_Tirra;Sky_qRe_DSE1_Gurna;Sky_qRe_KW4_Tabica;TR_m1_Nilena_Othril;TR_m1_Olanasa_Wenil;TR_m1_Protio Calvisus;TR_m1_Unram_Budabal;TR_m2_Domus Terrinus;TR_m3_Anise Andres;TR_m3_Aras_Othran;TR_m3_Arivanya;TR_m3_Endra Ilvuthi;TR_m3_Medrala Sadus;TR_m3_Orelle Faugard;TR_m3_Riluva Sovoras;TR_m4_Drorayni Omayn;TR_m4_Masu Hainnabibi;TR_m7_Aphorva Cnistula;TR_m7_Baley;TR_m7_Belvin Uvalas;TR_m7_Hilfrid;TR_m7_Kal;TR_m7_Varel Sadryon
vivec's feast,Vivec's Feast,25,SpellAbsorption,35,TR_m1_Aeli_Danym;TR_m1_Midean;TR_m1_Trendil_Vas;TR_m1_Unram_Budabal;TR_m1_Vendil_Tras;TR_m2_Suron Andromo;TR_m3_Draryn Berathi;TR_m3_Dridase_Irano;TR_m3_Faras_Omayn;TR_m3_Llaynor Seryon;TR_m3_Lleryn Drora;TR_m3_Medrala Sadus;TR_m3_Ranis Andren;TR_m3_Salms_Andala;TR_m3_Tayna Baren;TR_m3_Teldori Malreni;TR_m3_Vilrani Redothan;TR_m4_Golvyn_Saryon;TR_m4_Meryn Sarano;TR_m4_Milus Marvos;TR_m4_Saylenus Ramaril;TR_m4_Saylenus RamarilD;TR_m7_Dayna Ilerothi;TR_m7_Dovor Androth;TR_m7_Ernest Cergelle_T;TR_m7_Erver Drinith;TR_m7_Furen Hlavel;TR_m7_Haladir;TR_m7_Hervil Dolomas;TR_m7_Ovrosa Valen;TR_m7_Tilisu Kelarven;TR_m7_Traynili Rovel;TR_m7_Tureyvendil;TR_m7_Valara Filansi;TR_m7_Vows-To-The-Soil
vivec's kiss,Vivec's Kiss,15,WaterBreathing,13,TR_m3_Drathyn_Galvith;TR_m3_Fedas Thalothen;TR_m3_Onusea Reyas;TR_m3_Tirasie Nervion;TR_m3_Ulyne_Llothas;TR_m3_Urvas Varen;TR_m3_Varvur Parys;TR_m3_Vilrani Redothan;TR_m7_Dirisa Sendu;TR_m7_Drurile Vayas;TR_m7_Erver Drinith;TR_m7_Hervil Dolomas;TR_m7_Savi Selendas
vivec's mercy,Vivec's Mercy,50,ResistBlightDisease,2,TR_m3_Ahasou_Saravyn;TR_m7_Dro'Jaaban
vivec's tears,Vivec's Tears,100,CureBlightDisease,3,TR_m3_Ranis Andren;TR_m7_Hervil Dolomas;TR_m7_Varel Sadryon
vivec's_wrath,Vivec's Wrath,28,DamageHealth,9,TR_m1_Aeli_Danym;TR_m1_Trendil_Vas;TR_m1_Vendil_Tras;TR_m3_Gragus Othrenim;TR_m3_Mirveles Omaleran;TR_m3_Ranis Andren;TR_m4_Saylenus Ramaril;TR_m4_Saylenus RamarilD;TR_m7_Hervil Dolomas
water breathing,Water Breathing,5,WaterBreathing,25,PC_m1_AndrielNienne;PC_m1_LetrisCacia;PC_m1_Lladir;TR_m1_Ainssa;TR_m1_Unram_Budabal;TR_m1_Zalam Lonas;TR_m2_Francine_Kington;TR_m2_Mjara;TR_m3_Ambrosia Hegetor;TR_m3_Arivanya;TR_m3_Garrick Usald;TR_m3_Mudera_Berelan;TR_m3_Orevis Hlan;TR_m3_Salaru Andalen;TR_m3_Sodeen;TR_m3_Teldori Malreni;TR_m4_Domesea Norvalo;TR_m4_Idesa_Gilvani;TR_m4_Valrik;TR_m7_Baley;TR_m7_Ernest Cergelle;TR_m7_Ernest Cergelle_T;TR_m7_Gilen Malvayn;TR_m7_Niramindra;TR_m7_Savi Selendas
water walking,Water Walking,9,WaterWalking,37,PC_m1_DeliusAppillius;PC_m1_Lladir;PC_m1_SalvanusLathus;PC_m1_WearaGaldan;TR_FM_Naureen;TR_m1_Ainssa;TR_m1_Unram_Budabal;TR_m1_Vonak_Limonith;TR_m1_Zalam Lonas;TR_m2_Francine_Kington;TR_m3_Ambrosia Hegetor;TR_m3_Dolor Draven;TR_m3_Drathyn_Galvith;TR_m3_Drinar_Saven;TR_m3_Elvilde;TR_m3_Garrick Usald;TR_m3_Hort Serethren;TR_m3_Lleryn Drora;TR_m3_Mudera_Berelan;TR_m3_Onusea Reyas;TR_m3_Orevis Hlan;TR_m3_Salaru Andalen;TR_m3_Sodeen;TR_m3_Tirasie Nervion;TR_m3_Ulyne_Llothas;TR_m3_Varvur Parys;TR_m4_Domesea Norvalo;TR_m4_Idesa_Gilvani;TR_m4_Meryn Sarano;TR_m4_Valrik;TR_m7_Baley;TR_m7_Dirisa Sendu;TR_m7_Erver Drinith;TR_m7_Gilen Malvayn;TR_m7_Niramindra;TR_m7_Savi Selendas;TR_m7_Vistienna
weak spelldrinker,Weak Spelldrinker,38,SpellAbsorption,27,PC_m1_AndrielNienne;PC_m1_EdwynNiniel;PC_m1_Lladir;PC_m1_NirvalSrethuun;Sky_iRe_DSW_Bresiele;Sky_iRe_HA_Aynoc;Sky_iRe_KW_Dunwora;Sky_iRe_MER_Runeva;Sky_qRe_DSE1_Cypriana;Sky_qRe_DSMG_Eranthos;Sky_qRe_KWMG_JiTavarad;Sky_qRe_NAR_Yarok;TR_m1_Leobert Velain;TR_m1_Lloryn_Llaram;TR_m1_Nevusa_Lakasyn;TR_m1_Osyn_Redola;TR_m1_Trendil_Vas;TR_m1_Vendil_Tras;TR_m2_Domus Terrinus;TR_m2_Mjara;TR_m3_Arel Ginith;TR_m3_Rathyne_Ienith;TR_m4_Domesea Norvalo;TR_m4_Ethalvora;TR_m7_Camillia Chora_A;TR_m7_Drurile Vayas;TR_m7_Geod Cardonese
weakness,Weakness,28,DrainAttribute,2,Sky_qRe_NAR_Yarok;TR_m3_Renesa Serin
weakness to common disease,Weakness to Common Disease,16,WeaknessToCommonDisease,1,PC_m1_Lladir
weakness to fire,Weakness to Fire,8,WeaknessToFire,2,TR_m7_Eno Malvayn;TR_m7_Sarus Eloth
weakness to frost,Weakness to Frost,8,WeaknessToFrost,3,TR_m3_Sodeen;TR_m7_Eno Malvayn;TR_m7_Sarus Eloth
weakness to magicka,Weakness to Magicka,8,WeaknessToMagicka,4,TR_m2_Fedris_Nelavyn;TR_m3_Lleryn Drora;TR_m3_Sodeen;TR_m7_Sarus Eloth
weakness to poison,Weakness to Poison,8,WeaknessToPoison,4,TR_m2_Fedris_Nelavyn;TR_m7_Camillia Chora_A;TR_m7_MutuNambabud;TR_m7_Sarus Eloth
weakness to shock,Weakness to Shock,8,WeaknessToShock,2,TR_m7_Eno Malvayn;TR_m7_Sarus Eloth
weapon eater,Weapon Eater,5,DisintegrateWeapon,4,PC_m1_EnolaColus;PC_m1_Eyjar;TR_m7_Dayna Ilerothi;TR_m7_Sarus Eloth
weary,Weary,34,Burden,24,PC_m1_AndrielNienne;PC_m1_CassandraVerach;PC_m1_EdwynNiniel;PC_m1_LanaDelria;PC_m1_O_Durna;Sky_iRe_DSW_Bresiele;Sky_iRe_KW_Dunwora;Sky_iRe_MER_Runeva;Sky_qRe_DSE1_Cypriana;TR_m1_Culenne Mair;TR_m1_Lloryn_Llaram;TR_m1_Nevusa_Lakasyn;TR_m1_Osyn_Redola;TR_m2_Calaciren;TR_m2_Idros Llothri;TR_m2_Suron Andromo;TR_m3_Arel Ginith;TR_m3_Arivanya;TR_m3_Dolor Draven;TR_m3_Llaynor Seryon;TR_m3_Rathyne_Ienith;TR_m3_Salms_Andala;TR_m7_Haladir;TR_m7_Vows-To-The-Soil
wearying touch,Wearying Touch,38,DrainFatigue,11,PC_m1_LanaDelria;TR_m1_Lloryn_Llaram;TR_m1_Osyn_Redola;TR_m2_Fedris_Nelavyn;TR_m3_Cellitara;TR_m4_Mannanu Madalvel;TR_m4_Saylenus Ramaril;TR_m4_Saylenus RamarilD;TR_m7_Ernest Cergelle;TR_m7_Ernest Cergelle_T;TR_m7_Tureyvendil
wild clumsiness,Wild Clumsiness,56,DrainAttribute,3,PC_m1_Lladir;TR_m7_Dro'Jaaban;TR_m7_Tilisu Kelarven
wild distraction,Wild Distraction,56,DrainAttribute,12,PC_m1_EnolaColus;PC_m1_SielleEumand;Sky_iRe_DSE_Selenya;Sky_qRe_DSMG_Eranthos;TR_m1_Fusath_Relyan;TR_m1_Gindaman;TR_m1_Trendil_Vas;TR_m1_Usmalli_Nefros;TR_m1_Vendil_Tras;TR_m4_Ethalvora;TR_m7_Dro'Jaaban;TR_m7_Tilisu Kelarven
wild earwig,Wild Earwig,17,Sound,7,PC_m1_AnotusMolian;PC_m1_Lladir;TR_m2_Ralten Affinia;TR_m4_Idesa_Gilvani;TR_m4_Milus Marvos;TR_m7_Haladir;TR_m7_Sarus Eloth
wild exhaustion,Wild Exhaustion,90,DrainFatigue,1,TR_m2_Idros Llothri
wild levitate,Wild Levitate,115,Levitate,2,PC_m1_JarvunCrowSight;TR_m7_Sigillah Parate
wild open,Wild Open,15,Open,4,PC_m1_Lladir;PC_m1_Olosh;TR_m4_Golvyn_Saryon;TR_m4_Idesa_Gilvani
wild reflect,Wild Reflect,103,Reflect,2,TR_m2_Idros Llothri;TR_m3_Mulvise Temaril
wild shockbloom,Wild Shockbloom,14,ShockDamage,2,PC_m1_Olosh;TR_m3_Valvesu Athones
wild spelldrinker,Wild Spelldrinker,51,SpellAbsorption,14,PC_m1_EnolaColus;PC_m1_SielleEumand;Sky_iRe_DSE_Selenya;Sky_qRe_DSMG_Eranthos;Sky_qRe_KWMG_JiTavarad;TR_m1_Aeli_Danym;TR_m1_Fusath_Relyan;TR_m1_Trendil_Vas;TR_m1_Vendil_Tras;TR_m2_Francine_Kington;TR_m3_Garrick Usald;TR_m4_Ethalvora;TR_m7_Belvin Uvalas;TR_m7_Dro'Jaaban
wild strain,Wild Strain,2,DrainAttribute,1,TR_m7_Kal
wild torpor,Wild Torpor,28,DrainAttribute,1,TR_m7_Kal
wisdom,Wisdom,30,FortifyAttribute,13,TR_m2_Berethen Olameth;TR_m3_Andril Selothi;TR_m3_Gilar Verelnim;TR_m3_Hlanas Arthalen;TR_m3_Hlanas Arthalen2;TR_m3_Orevis Hlan;TR_m3_Tayna Baren;TR_m3_Vono_Sarando;TR_m7_Aphorva Cnistula;TR_m7_Erver Drinith;TR_m7_Kal;TR_m7_Siona;TR_m7_Valara Filansi
wizard rend,Wizard Rend,39,DrainMagicka,6,PC_m1_EnolaColus;PC_m1_SielleEumand;TR_m1_Fusath_Relyan;TR_m1_Lloryn_Llaram;TR_m1_Usmalli_Nefros;TR_m4_Ethalvora
woe,Woe,4,DamageAttribute,4,TR_m3_Hort Serethren;TR_m3_Lleryn Drora;TR_m7_Faldrus Nedalor;TR_m7_Sarus Eloth
wounding touch,Wounding Touch,3,DrainHealth,1,TR_m1_Vonak_Limonith
Zenithar_gospel,Zenithar's Gospel,45,FortifyAttribute,3,Sky_qRe_KWMG_JiTavarad;TR_m7_Aphorva Cnistula;TR_m7_Baley
